Command line invocation:
    /Applications/Xcode26.2.app/Contents/Developer/usr/bin/xcodebuild -workspace wecatspos.xcworkspace -scheme wecatspos -configuration Release -sdk iphoneos -archivePath build/wecatspos.xcarchive clean archive

Build settings from command line:
    SDKROOT = iphoneos26.2

--- xcodebuild: WARNING: Using the first of multiple matching destinations:
{ platform:iOS, id:dvtdevice-DVTiPhonePlaceholder-iphoneos:placeholder, name:Any iOS Device }
{ platform:macOS, arch:arm64, variant:Designed for [iPad,iPhone], id:00008112-000A58642EA3401E, name:My Mac }
{ platform:iOS Simulator, id:dvtdevice-DVTiOSDeviceSimulatorPlaceholder-iphonesimulator:placeholder, name:Any iOS Simulator Device }
{ platform:iOS Simulator, arch:arm64, id:0343D28F-6DFC-4B05-81C8-A96892FA11F6, OS:26.2, name:iPad (10th generation) }
{ platform:iOS Simulator, arch:arm64, id:47001D5F-11C4-4B9B-9F6E-57115643D63E, OS:26.2, name:iPad (A16) }
{ platform:iOS Simulator, arch:arm64, id:13F1375C-6E4B-4C72-8B56-44DA78763CEC, OS:26.2, name:iPad 26.2 }
{ platform:iOS Simulator, arch:arm64, id:80D296D5-224D-4796-AA7B-09A7E4D78B2B, OS:26.2, name:iPad Air 11-inch (M2) }
{ platform:iOS Simulator, arch:arm64, id:1C3E0A8C-B158-4EFE-BA81-4E36B35D4920, OS:26.2, name:iPad Air 11-inch (M3) }
{ platform:iOS Simulator, arch:arm64, id:2D939683-F0C1-4526-99D0-0E58EC59F9E2, OS:26.2, name:iPad Air 13-inch (M2) }
{ platform:iOS Simulator, arch:arm64, id:0275B84A-72AA-41D5-8C65-A6ADB78D0FC8, OS:26.2, name:iPad Air 13-inch (M3) }
{ platform:iOS Simulator, arch:arm64, id:F03886F1-94BE-4520-8BA2-031361DA1D1B, OS:26.2, name:iPad Pro 11-inch (M4) }
{ platform:iOS Simulator, arch:arm64, id:16CE3495-EC8B-4BCF-BF3A-38F707B18D74, OS:26.2, name:iPad Pro 11-inch (M5) }
{ platform:iOS Simulator, arch:arm64, id:1EFC65F0-45FE-4C73-9661-13BBDD7EA5A3, OS:26.2, name:iPad Pro 13-inch (M4) }
{ platform:iOS Simulator, arch:arm64, id:7E4EA300-8285-4B76-BCAF-3E29516DFB99, OS:26.2, name:iPad Pro 13-inch (M5) }
{ platform:iOS Simulator, arch:arm64, id:FE68C8A2-A81F-4132-B20C-C1A6A4D94035, OS:26.2, name:iPad mini (6th generation) }
{ platform:iOS Simulator, arch:arm64, id:B62B909E-3114-4D11-9F76-14378AF1190A, OS:26.2, name:iPad mini (A17 Pro) }
{ platform:iOS Simulator, arch:arm64, id:259F2A35-11FB-451B-B3B0-EAD2B1EAB5EE, OS:26.2, name:iPhone 15 }
{ platform:iOS Simulator, arch:arm64, id:19E6A456-C12A-44E2-B89C-19476A3094C4, OS:26.2, name:iPhone 15 Plus }
{ platform:iOS Simulator, arch:arm64, id:4AFB755F-A32E-4613-91F5-B45748092343, OS:26.2, name:iPhone 15 Pro }
{ platform:iOS Simulator, arch:arm64, id:67E53F48-6990-49E2-A877-43E4CFB68622, OS:26.2, name:iPhone 15 Pro Max }
{ platform:iOS Simulator, arch:arm64, id:30E5D2B9-6C87-49BF-88CC-4A0DAD6380F0, OS:26.2, name:iPhone 16e }
{ platform:iOS Simulator, arch:arm64, id:0208840C-2003-43A4-9407-DBD8A39D5186, OS:26.2, name:iPhone 17 }
{ platform:iOS Simulator, arch:arm64, id:25D7F1EF-4C21-4C5C-B76B-5649D2D98B25, OS:26.2, name:iPhone 17 Pro }
{ platform:iOS Simulator, arch:arm64, id:C823A748-41EC-491C-933E-81D425B5F8AB, OS:26.2, name:iPhone 17 Pro Max }
{ platform:iOS Simulator, arch:arm64, id:A87F56C0-2532-4CFA-9739-72D2E9A991BD, OS:26.2, name:iPhone Air }
{ platform:iOS Simulator, arch:arm64, id:872ED3A0-94F2-46D2-9B4A-67A47A17C501, OS:26.2, name:iPhone SE (3rd generation) }
CreateBuildRequest

SendProjectDescription

CreateBuildOperation

** CLEAN SUCCEEDED **

--- xcodebuild: WARNING: Using the first of multiple matching destinations:
{ platform:iOS, id:dvtdevice-DVTiPhonePlaceholder-iphoneos:placeholder, name:Any iOS Device }
{ platform:iOS Simulator, id:dvtdevice-DVTiOSDeviceSimulatorPlaceholder-iphonesimulator:placeholder, name:Any iOS Simulator Device }
{ platform:macOS, arch:arm64, variant:Designed for [iPad,iPhone], id:00008112-000A58642EA3401E, name:My Mac }
{ platform:iOS Simulator, arch:arm64, id:0343D28F-6DFC-4B05-81C8-A96892FA11F6, OS:26.2, name:iPad (10th generation) }
{ platform:iOS Simulator, arch:arm64, id:47001D5F-11C4-4B9B-9F6E-57115643D63E, OS:26.2, name:iPad (A16) }
{ platform:iOS Simulator, arch:arm64, id:13F1375C-6E4B-4C72-8B56-44DA78763CEC, OS:26.2, name:iPad 26.2 }
{ platform:iOS Simulator, arch:arm64, id:80D296D5-224D-4796-AA7B-09A7E4D78B2B, OS:26.2, name:iPad Air 11-inch (M2) }
{ platform:iOS Simulator, arch:arm64, id:1C3E0A8C-B158-4EFE-BA81-4E36B35D4920, OS:26.2, name:iPad Air 11-inch (M3) }
{ platform:iOS Simulator, arch:arm64, id:2D939683-F0C1-4526-99D0-0E58EC59F9E2, OS:26.2, name:iPad Air 13-inch (M2) }
{ platform:iOS Simulator, arch:arm64, id:0275B84A-72AA-41D5-8C65-A6ADB78D0FC8, OS:26.2, name:iPad Air 13-inch (M3) }
{ platform:iOS Simulator, arch:arm64, id:F03886F1-94BE-4520-8BA2-031361DA1D1B, OS:26.2, name:iPad Pro 11-inch (M4) }
{ platform:iOS Simulator, arch:arm64, id:16CE3495-EC8B-4BCF-BF3A-38F707B18D74, OS:26.2, name:iPad Pro 11-inch (M5) }
{ platform:iOS Simulator, arch:arm64, id:1EFC65F0-45FE-4C73-9661-13BBDD7EA5A3, OS:26.2, name:iPad Pro 13-inch (M4) }
{ platform:iOS Simulator, arch:arm64, id:7E4EA300-8285-4B76-BCAF-3E29516DFB99, OS:26.2, name:iPad Pro 13-inch (M5) }
{ platform:iOS Simulator, arch:arm64, id:FE68C8A2-A81F-4132-B20C-C1A6A4D94035, OS:26.2, name:iPad mini (6th generation) }
{ platform:iOS Simulator, arch:arm64, id:B62B909E-3114-4D11-9F76-14378AF1190A, OS:26.2, name:iPad mini (A17 Pro) }
{ platform:iOS Simulator, arch:arm64, id:259F2A35-11FB-451B-B3B0-EAD2B1EAB5EE, OS:26.2, name:iPhone 15 }
{ platform:iOS Simulator, arch:arm64, id:19E6A456-C12A-44E2-B89C-19476A3094C4, OS:26.2, name:iPhone 15 Plus }
{ platform:iOS Simulator, arch:arm64, id:4AFB755F-A32E-4613-91F5-B45748092343, OS:26.2, name:iPhone 15 Pro }
{ platform:iOS Simulator, arch:arm64, id:67E53F48-6990-49E2-A877-43E4CFB68622, OS:26.2, name:iPhone 15 Pro Max }
{ platform:iOS Simulator, arch:arm64, id:30E5D2B9-6C87-49BF-88CC-4A0DAD6380F0, OS:26.2, name:iPhone 16e }
{ platform:iOS Simulator, arch:arm64, id:0208840C-2003-43A4-9407-DBD8A39D5186, OS:26.2, name:iPhone 17 }
{ platform:iOS Simulator, arch:arm64, id:25D7F1EF-4C21-4C5C-B76B-5649D2D98B25, OS:26.2, name:iPhone 17 Pro }
{ platform:iOS Simulator, arch:arm64, id:C823A748-41EC-491C-933E-81D425B5F8AB, OS:26.2, name:iPhone 17 Pro Max }
{ platform:iOS Simulator, arch:arm64, id:A87F56C0-2532-4CFA-9739-72D2E9A991BD, OS:26.2, name:iPhone Air }
{ platform:iOS Simulator, arch:arm64, id:872ED3A0-94F2-46D2-9B4A-67A47A17C501, OS:26.2, name:iPhone SE (3rd generation) }
ComputePackagePrebuildTargetDependencyGraph

Prepare packages

CreateBuildRequest

SendProjectDescription

CreateBuildOperation

ComputeTargetDependencyGraph
note: Building targets in dependency order
note: Target dependency graph (10 targets)
    Target 'wecatspos' in project 'wecatspos'
        ➜ Implicit dependency on target 'Pods-wecatspos' in project 'Pods' via file 'Pods_wecatspos.framework' in build phase 'Link Binary'
        ➜ Implicit dependency on target 'Alamofire' in project 'Pods' via options '-framework Alamofire' in build setting 'OTHER_LDFLAGS'
        ➜ Implicit dependency on target 'HolidayJp' in project 'Pods' via options '-framework HolidayJp' in build setting 'OTHER_LDFLAGS'
        ➜ Implicit dependency on target 'Moya' in project 'Pods' via options '-framework Moya' in build setting 'OTHER_LDFLAGS'
        ➜ Implicit dependency on target 'R.swift.Library' in project 'Pods' via options '-framework Rswift' in build setting 'OTHER_LDFLAGS'
        ➜ Implicit dependency on target 'RxSwift' in project 'Pods' via options '-framework RxSwift' in build setting 'OTHER_LDFLAGS'
    Target 'Pods-wecatspos' in project 'Pods'
        ➜ Explicit dependency on target 'Alamofire' in project 'Pods'
        ➜ Explicit dependency on target 'HolidayJp' in project 'Pods'
        ➜ Explicit dependency on target 'Moya' in project 'Pods'
        ➜ Explicit dependency on target 'R.swift' in project 'Pods'
        ➜ Explicit dependency on target 'R.swift.Library' in project 'Pods'
        ➜ Explicit dependency on target 'RxSwift' in project 'Pods'
    Target 'R.swift' in project 'Pods'
        ➜ Explicit dependency on target 'R.swift.Library' in project 'Pods'
    Target 'R.swift.Library' in project 'Pods' (no dependencies)
    Target 'Moya' in project 'Pods'
        ➜ Explicit dependency on target 'Alamofire' in project 'Pods'
        ➜ Explicit dependency on target 'RxSwift' in project 'Pods'
    Target 'RxSwift' in project 'Pods'
        ➜ Explicit dependency on target 'RxSwift-RxSwift_Privacy' in project 'Pods'
    Target 'RxSwift-RxSwift_Privacy' in project 'Pods' (no dependencies)
    Target 'HolidayJp' in project 'Pods' (no dependencies)
    Target 'Alamofire' in project 'Pods'
        ➜ Explicit dependency on target 'Alamofire-Alamofire' in project 'Pods'
    Target 'Alamofire-Alamofire' in project 'Pods' (no dependencies)

GatherProvisioningInputs

CreateBuildDescription

ExecuteExternalTool /Applications/Xcode26.2.app/Contents/Developer/Toolchains/XcodeDefault.xctoolchain/usr/bin/clang -v -E -dM -arch arm64 -isysroot /Applications/Xcode26.2.app/Contents/Developer/Platforms/iPhoneOS.platform/Developer/SDKs/iPhoneOS26.2.sdk -x c -c /dev/null

ExecuteExternalTool /Applications/Xcode26.2.app/Contents/Developer/Toolchains/XcodeDefault.xctoolchain/usr/bin/clang -v -E -dM -isysroot /Applications/Xcode26.2.app/Contents/Developer/Platforms/iPhoneOS.platform/Developer/SDKs/iPhoneOS26.2.sdk -x c -c /dev/null

ExecuteExternalTool /Applications/Xcode26.2.app/Contents/Developer/usr/bin/ibtool --version --output-format xml1

ExecuteExternalTool /Applications/Xcode26.2.app/Contents/Developer/usr/bin/actool --print-asset-tag-combinations --output-format xml1 /Users/matsumoto/Work/src/wecats-pos/wecatspos/Assets.xcassets

ExecuteExternalTool /Applications/Xcode26.2.app/Contents/Developer/usr/bin/actool --version --output-format xml1

ExecuteExternalTool /Applications/Xcode26.2.app/Contents/Developer/Toolchains/XcodeDefault.xctoolchain/usr/bin/swiftc --version

ExecuteExternalTool /Applications/Xcode26.2.app/Contents/Developer/Toolchains/XcodeDefault.xctoolchain/usr/bin/clang -v -E -dM -arch arm64 -isysroot /Applications/Xcode26.2.app/Contents/Developer/Platforms/iPhoneOS.platform/Developer/SDKs/iPhoneOS26.2.sdk -x objective-c -c /dev/null

ExecuteExternalTool /Applications/Xcode26.2.app/Contents/Developer/Toolchains/XcodeDefault.xctoolchain/usr/bin/libtool -V

ExecuteExternalTool /Applications/Xcode26.2.app/Contents/Developer/Toolchains/XcodeDefault.xctoolchain/usr/bin/ld -version_details

Build description signature: 8662938487b01816d5e96a1469476975
Build description path: /Users/matsumoto/Library/Developer/Xcode/DerivedData/wecatspos-ezotaurozeulvggxpnxclstusodc/Build/Intermediates.noindex/ArchiveIntermediates/wecatspos/IntermediateBuildFilesPath/XCBuildData/8662938487b01816d5e96a1469476975.xcbuilddata
CreateBuildDirectory /Users/matsumoto/Library/Developer/Xcode/DerivedData/wecatspos-ezotaurozeulvggxpnxclstusodc/Build/Intermediates.noindex/ArchiveIntermediates/wecatspos/InstallationBuildProductsLocation
    cd /Users/matsumoto/Work/src/wecats-pos
    builtin-create-build-directory /Users/matsumoto/Library/Developer/Xcode/DerivedData/wecatspos-ezotaurozeulvggxpnxclstusodc/Build/Intermediates.noindex/ArchiveIntermediates/wecatspos/InstallationBuildProductsLocation

ClangStatCache /Applications/Xcode26.2.app/Contents/Developer/Toolchains/XcodeDefault.xctoolchain/usr/bin/clang-stat-cache /Applications/Xcode26.2.app/Contents/Developer/Platforms/iPhoneOS.platform/Developer/SDKs/iPhoneOS26.2.sdk /Users/matsumoto/Library/Developer/Xcode/DerivedData/SDKStatCaches.noindex/iphoneos26.2-23C53-7aec6304a07570878788b12a0eff3683.sdkstatcache
    cd /Users/matsumoto/Work/src/wecats-pos
    /Applications/Xcode26.2.app/Contents/Developer/Toolchains/XcodeDefault.xctoolchain/usr/bin/clang-stat-cache /Applications/Xcode26.2.app/Contents/Developer/Platforms/iPhoneOS.platform/Developer/SDKs/iPhoneOS26.2.sdk -o /Users/matsumoto/Library/Developer/Xcode/DerivedData/SDKStatCaches.noindex/iphoneos26.2-23C53-7aec6304a07570878788b12a0eff3683.sdkstatcache

CreateBuildDirectory /Users/matsumoto/Library/Developer/Xcode/DerivedData/wecatspos-ezotaurozeulvggxpnxclstusodc/Build/Intermediates.noindex/ArchiveIntermediates/wecatspos/BuildProductsPath
    cd /Users/matsumoto/Work/src/wecats-pos
    builtin-create-build-directory /Users/matsumoto/Library/Developer/Xcode/DerivedData/wecatspos-ezotaurozeulvggxpnxclstusodc/Build/Intermediates.noindex/ArchiveIntermediates/wecatspos/BuildProductsPath

CreateBuildDirectory /Users/matsumoto/Library/Developer/Xcode/DerivedData/wecatspos-ezotaurozeulvggxpnxclstusodc/Build/Intermediates.noindex/ArchiveIntermediates/wecatspos/IntermediateBuildFilesPath
    cd /Users/matsumoto/Work/src/wecats-pos
    builtin-create-build-directory /Users/matsumoto/Library/Developer/Xcode/DerivedData/wecatspos-ezotaurozeulvggxpnxclstusodc/Build/Intermediates.noindex/ArchiveIntermediates/wecatspos/IntermediateBuildFilesPath

CreateBuildDirectory /Users/matsumoto/Library/Developer/Xcode/DerivedData/wecatspos-ezotaurozeulvggxpnxclstusodc/Build/Intermediates.noindex/ArchiveIntermediates/wecatspos/IntermediateBuildFilesPath/SwiftExplicitPrecompiledModules
    cd /Users/matsumoto/Work/src/wecats-pos
    builtin-create-build-directory /Users/matsumoto/Library/Developer/Xcode/DerivedData/wecatspos-ezotaurozeulvggxpnxclstusodc/Build/Intermediates.noindex/ArchiveIntermediates/wecatspos/IntermediateBuildFilesPath/SwiftExplicitPrecompiledModules

CreateBuildDirectory /Users/matsumoto/Library/Developer/Xcode/DerivedData/wecatspos-ezotaurozeulvggxpnxclstusodc/Build/Intermediates.noindex/ArchiveIntermediates/wecatspos/IntermediateBuildFilesPath/ExplicitPrecompiledModules
    cd /Users/matsumoto/Work/src/wecats-pos
    builtin-create-build-directory /Users/matsumoto/Library/Developer/Xcode/DerivedData/wecatspos-ezotaurozeulvggxpnxclstusodc/Build/Intermediates.noindex/ArchiveIntermediates/wecatspos/IntermediateBuildFilesPath/ExplicitPrecompiledModules

CreateBuildDirectory /Users/matsumoto/Library/Developer/Xcode/DerivedData/wecatspos-ezotaurozeulvggxpnxclstusodc/Build/Intermediates.noindex/ArchiveIntermediates/wecatspos/BuildProductsPath/Release-iphoneos
    cd /Users/matsumoto/Work/src/wecats-pos
    builtin-create-build-directory /Users/matsumoto/Library/Developer/Xcode/DerivedData/wecatspos-ezotaurozeulvggxpnxclstusodc/Build/Intermediates.noindex/ArchiveIntermediates/wecatspos/BuildProductsPath/Release-iphoneos

CreateBuildDirectory /Users/matsumoto/Library/Developer/Xcode/DerivedData/wecatspos-ezotaurozeulvggxpnxclstusodc/Build/Intermediates.noindex/ArchiveIntermediates/wecatspos/IntermediateBuildFilesPath/EagerLinkingTBDs/Release-iphoneos
    cd /Users/matsumoto/Work/src/wecats-pos
    builtin-create-build-directory /Users/matsumoto/Library/Developer/Xcode/DerivedData/wecatspos-ezotaurozeulvggxpnxclstusodc/Build/Intermediates.noindex/ArchiveIntermediates/wecatspos/IntermediateBuildFilesPath/EagerLinkingTBDs/Release-iphoneos

WriteAuxiliaryFile /Users/matsumoto/Library/Developer/Xcode/DerivedData/wecatspos-ezotaurozeulvggxpnxclstusodc/Build/Intermediates.noindex/ArchiveIntermediates/wecatspos/IntermediateBuildFilesPath/Pods.build/Release-iphoneos/Pods-8699adb1dd336b26511df848a716bd42-VFS-iphoneos/all-product-headers.yaml
    cd /Users/matsumoto/Work/src/wecats-pos
    write-file /Users/matsumoto/Library/Developer/Xcode/DerivedData/wecatspos-ezotaurozeulvggxpnxclstusodc/Build/Intermediates.noindex/ArchiveIntermediates/wecatspos/IntermediateBuildFilesPath/Pods.build/Release-iphoneos/Pods-8699adb1dd336b26511df848a716bd42-VFS-iphoneos/all-product-headers.yaml

WriteAuxiliaryFile /Users/matsumoto/Library/Developer/Xcode/DerivedData/wecatspos-ezotaurozeulvggxpnxclstusodc/Build/Intermediates.noindex/ArchiveIntermediates/wecatspos/IntermediateBuildFilesPath/wecatspos.build/Release-iphoneos/wecatspos-d39adb1f601d617d3160dc32ce639d06-VFS-iphoneos/all-product-headers.yaml
    cd /Users/matsumoto/Work/src/wecats-pos
    write-file /Users/matsumoto/Library/Developer/Xcode/DerivedData/wecatspos-ezotaurozeulvggxpnxclstusodc/Build/Intermediates.noindex/ArchiveIntermediates/wecatspos/IntermediateBuildFilesPath/wecatspos.build/Release-iphoneos/wecatspos-d39adb1f601d617d3160dc32ce639d06-VFS-iphoneos/all-product-headers.yaml

CreateBuildDirectory /Users/matsumoto/Library/Developer/Xcode/DerivedData/wecatspos-ezotaurozeulvggxpnxclstusodc/Build/Intermediates.noindex/ArchiveIntermediates/wecatspos/BuildProductsPath/Release-iphoneos/RxSwift
    cd /Users/matsumoto/Work/src/wecats-pos
    builtin-create-build-directory /Users/matsumoto/Library/Developer/Xcode/DerivedData/wecatspos-ezotaurozeulvggxpnxclstusodc/Build/Intermediates.noindex/ArchiveIntermediates/wecatspos/BuildProductsPath/Release-iphoneos/RxSwift

CreateBuildDirectory /Users/matsumoto/Library/Developer/Xcode/DerivedData/wecatspos-ezotaurozeulvggxpnxclstusodc/Build/Intermediates.noindex/ArchiveIntermediates/wecatspos/BuildProductsPath/Release-iphoneos/R.swift.Library
    cd /Users/matsumoto/Work/src/wecats-pos
    builtin-create-build-directory /Users/matsumoto/Library/Developer/Xcode/DerivedData/wecatspos-ezotaurozeulvggxpnxclstusodc/Build/Intermediates.noindex/ArchiveIntermediates/wecatspos/BuildProductsPath/Release-iphoneos/R.swift.Library

CreateBuildDirectory /Users/matsumoto/Library/Developer/Xcode/DerivedData/wecatspos-ezotaurozeulvggxpnxclstusodc/Build/Intermediates.noindex/ArchiveIntermediates/wecatspos/BuildProductsPath/Release-iphoneos/R.swift
    cd /Users/matsumoto/Work/src/wecats-pos
    builtin-create-build-directory /Users/matsumoto/Library/Developer/Xcode/DerivedData/wecatspos-ezotaurozeulvggxpnxclstusodc/Build/Intermediates.noindex/ArchiveIntermediates/wecatspos/BuildProductsPath/Release-iphoneos/R.swift

CreateBuildDirectory /Users/matsumoto/Library/Developer/Xcode/DerivedData/wecatspos-ezotaurozeulvggxpnxclstusodc/Build/Intermediates.noindex/ArchiveIntermediates/wecatspos/BuildProductsPath/Release-iphoneos/Moya
    cd /Users/matsumoto/Work/src/wecats-pos
    builtin-create-build-directory /Users/matsumoto/Library/Developer/Xcode/DerivedData/wecatspos-ezotaurozeulvggxpnxclstusodc/Build/Intermediates.noindex/ArchiveIntermediates/wecatspos/BuildProductsPath/Release-iphoneos/Moya

CreateBuildDirectory /Users/matsumoto/Library/Developer/Xcode/DerivedData/wecatspos-ezotaurozeulvggxpnxclstusodc/Build/Intermediates.noindex/ArchiveIntermediates/wecatspos/BuildProductsPath/Release-iphoneos/HolidayJp
    cd /Users/matsumoto/Work/src/wecats-pos
    builtin-create-build-directory /Users/matsumoto/Library/Developer/Xcode/DerivedData/wecatspos-ezotaurozeulvggxpnxclstusodc/Build/Intermediates.noindex/ArchiveIntermediates/wecatspos/BuildProductsPath/Release-iphoneos/HolidayJp

WriteAuxiliaryFile /Users/matsumoto/Library/Developer/Xcode/DerivedData/wecatspos-ezotaurozeulvggxpnxclstusodc/Build/Intermediates.noindex/ArchiveIntermediates/wecatspos/IntermediateBuildFilesPath/wecatspos.build/Release-iphoneos/wecatspos.build/wecatspos.hmap (in target 'wecatspos' from project 'wecatspos')
    cd /Users/matsumoto/Work/src/wecats-pos
    write-file /Users/matsumoto/Library/Developer/Xcode/DerivedData/wecatspos-ezotaurozeulvggxpnxclstusodc/Build/Intermediates.noindex/ArchiveIntermediates/wecatspos/IntermediateBuildFilesPath/wecatspos.build/Release-iphoneos/wecatspos.build/wecatspos.hmap

WriteAuxiliaryFile /Users/matsumoto/Library/Developer/Xcode/DerivedData/wecatspos-ezotaurozeulvggxpnxclstusodc/Build/Intermediates.noindex/ArchiveIntermediates/wecatspos/IntermediateBuildFilesPath/wecatspos.build/Release-iphoneos/wecatspos.build/wecatspos.DependencyStaticMetadataFileList (in target 'wecatspos' from project 'wecatspos')
    cd /Users/matsumoto/Work/src/wecats-pos
    write-file /Users/matsumoto/Library/Developer/Xcode/DerivedData/wecatspos-ezotaurozeulvggxpnxclstusodc/Build/Intermediates.noindex/ArchiveIntermediates/wecatspos/IntermediateBuildFilesPath/wecatspos.build/Release-iphoneos/wecatspos.build/wecatspos.DependencyStaticMetadataFileList

WriteAuxiliaryFile /Users/matsumoto/Library/Developer/Xcode/DerivedData/wecatspos-ezotaurozeulvggxpnxclstusodc/Build/Intermediates.noindex/ArchiveIntermediates/wecatspos/IntermediateBuildFilesPath/wecatspos.build/Release-iphoneos/wecatspos.build/wecatspos.DependencyMetadataFileList (in target 'wecatspos' from project 'wecatspos')
    cd /Users/matsumoto/Work/src/wecats-pos
    write-file /Users/matsumoto/Library/Developer/Xcode/DerivedData/wecatspos-ezotaurozeulvggxpnxclstusodc/Build/Intermediates.noindex/ArchiveIntermediates/wecatspos/IntermediateBuildFilesPath/wecatspos.build/Release-iphoneos/wecatspos.build/wecatspos.DependencyMetadataFileList

WriteAuxiliaryFile /Users/matsumoto/Library/Developer/Xcode/DerivedData/wecatspos-ezotaurozeulvggxpnxclstusodc/Build/Intermediates.noindex/ArchiveIntermediates/wecatspos/IntermediateBuildFilesPath/wecatspos.build/Release-iphoneos/wecatspos.build/wecatspos-project-headers.hmap (in target 'wecatspos' from project 'wecatspos')
    cd /Users/matsumoto/Work/src/wecats-pos
    write-file /Users/matsumoto/Library/Developer/Xcode/DerivedData/wecatspos-ezotaurozeulvggxpnxclstusodc/Build/Intermediates.noindex/ArchiveIntermediates/wecatspos/IntermediateBuildFilesPath/wecatspos.build/Release-iphoneos/wecatspos.build/wecatspos-project-headers.hmap

WriteAuxiliaryFile /Users/matsumoto/Library/Developer/Xcode/DerivedData/wecatspos-ezotaurozeulvggxpnxclstusodc/Build/Intermediates.noindex/ArchiveIntermediates/wecatspos/IntermediateBuildFilesPath/wecatspos.build/Release-iphoneos/wecatspos.build/wecatspos-own-target-headers.hmap (in target 'wecatspos' from project 'wecatspos')
    cd /Users/matsumoto/Work/src/wecats-pos
    write-file /Users/matsumoto/Library/Developer/Xcode/DerivedData/wecatspos-ezotaurozeulvggxpnxclstusodc/Build/Intermediates.noindex/ArchiveIntermediates/wecatspos/IntermediateBuildFilesPath/wecatspos.build/Release-iphoneos/wecatspos.build/wecatspos-own-target-headers.hmap

WriteAuxiliaryFile /Users/matsumoto/Library/Developer/Xcode/DerivedData/wecatspos-ezotaurozeulvggxpnxclstusodc/Build/Intermediates.noindex/ArchiveIntermediates/wecatspos/IntermediateBuildFilesPath/wecatspos.build/Release-iphoneos/wecatspos.build/wecatspos-all-target-headers.hmap (in target 'wecatspos' from project 'wecatspos')
    cd /Users/matsumoto/Work/src/wecats-pos
    write-file /Users/matsumoto/Library/Developer/Xcode/DerivedData/wecatspos-ezotaurozeulvggxpnxclstusodc/Build/Intermediates.noindex/ArchiveIntermediates/wecatspos/IntermediateBuildFilesPath/wecatspos.build/Release-iphoneos/wecatspos.build/wecatspos-all-target-headers.hmap

WriteAuxiliaryFile /Users/matsumoto/Library/Developer/Xcode/DerivedData/wecatspos-ezotaurozeulvggxpnxclstusodc/Build/Intermediates.noindex/ArchiveIntermediates/wecatspos/IntermediateBuildFilesPath/wecatspos.build/Release-iphoneos/wecatspos.build/wecatspos-generated-files.hmap (in target 'wecatspos' from project 'wecatspos')
    cd /Users/matsumoto/Work/src/wecats-pos
    write-file /Users/matsumoto/Library/Developer/Xcode/DerivedData/wecatspos-ezotaurozeulvggxpnxclstusodc/Build/Intermediates.noindex/ArchiveIntermediates/wecatspos/IntermediateBuildFilesPath/wecatspos.build/Release-iphoneos/wecatspos.build/wecatspos-generated-files.hmap

WriteAuxiliaryFile /Users/matsumoto/Library/Developer/Xcode/DerivedData/wecatspos-ezotaurozeulvggxpnxclstusodc/Build/Intermediates.noindex/ArchiveIntermediates/wecatspos/IntermediateBuildFilesPath/wecatspos.build/Release-iphoneos/wecatspos.build/wecatspos-all-non-framework-target-headers.hmap (in target 'wecatspos' from project 'wecatspos')
    cd /Users/matsumoto/Work/src/wecats-pos
    write-file /Users/matsumoto/Library/Developer/Xcode/DerivedData/wecatspos-ezotaurozeulvggxpnxclstusodc/Build/Intermediates.noindex/ArchiveIntermediates/wecatspos/IntermediateBuildFilesPath/wecatspos.build/Release-iphoneos/wecatspos.build/wecatspos-all-non-framework-target-headers.hmap

WriteAuxiliaryFile /Users/matsumoto/Library/Developer/Xcode/DerivedData/wecatspos-ezotaurozeulvggxpnxclstusodc/Build/Intermediates.noindex/ArchiveIntermediates/wecatspos/IntermediateBuildFilesPath/wecatspos.build/Release-iphoneos/wecatspos.build/Script-FD296021E24D0D19AFAA37EA.sh (in target 'wecatspos' from project 'wecatspos')
    cd /Users/matsumoto/Work/src/wecats-pos
    write-file /Users/matsumoto/Library/Developer/Xcode/DerivedData/wecatspos-ezotaurozeulvggxpnxclstusodc/Build/Intermediates.noindex/ArchiveIntermediates/wecatspos/IntermediateBuildFilesPath/wecatspos.build/Release-iphoneos/wecatspos.build/Script-FD296021E24D0D19AFAA37EA.sh

WriteAuxiliaryFile /Users/matsumoto/Library/Developer/Xcode/DerivedData/wecatspos-ezotaurozeulvggxpnxclstusodc/Build/Intermediates.noindex/ArchiveIntermediates/wecatspos/IntermediateBuildFilesPath/wecatspos.build/Release-iphoneos/wecatspos.build/Script-D472785AE638799729170B41.sh (in target 'wecatspos' from project 'wecatspos')
    cd /Users/matsumoto/Work/src/wecats-pos
    write-file /Users/matsumoto/Library/Developer/Xcode/DerivedData/wecatspos-ezotaurozeulvggxpnxclstusodc/Build/Intermediates.noindex/ArchiveIntermediates/wecatspos/IntermediateBuildFilesPath/wecatspos.build/Release-iphoneos/wecatspos.build/Script-D472785AE638799729170B41.sh

WriteAuxiliaryFile /Users/matsumoto/Library/Developer/Xcode/DerivedData/wecatspos-ezotaurozeulvggxpnxclstusodc/Build/Intermediates.noindex/ArchiveIntermediates/wecatspos/IntermediateBuildFilesPath/wecatspos.build/Release-iphoneos/wecatspos.build/OutputFileList-FD296021E24D0D19AFAA37EA-Pods-wecatspos-frameworks-Release-output-files-aca1308834dccbf9c47cb50ede9736f9-resolved.xcfilelist (in target 'wecatspos' from project 'wecatspos')
    cd /Users/matsumoto/Work/src/wecats-pos
    write-file /Users/matsumoto/Library/Developer/Xcode/DerivedData/wecatspos-ezotaurozeulvggxpnxclstusodc/Build/Intermediates.noindex/ArchiveIntermediates/wecatspos/IntermediateBuildFilesPath/wecatspos.build/Release-iphoneos/wecatspos.build/OutputFileList-FD296021E24D0D19AFAA37EA-Pods-wecatspos-frameworks-Release-output-files-aca1308834dccbf9c47cb50ede9736f9-resolved.xcfilelist

WriteAuxiliaryFile /Users/matsumoto/Library/Developer/Xcode/DerivedData/wecatspos-ezotaurozeulvggxpnxclstusodc/Build/Intermediates.noindex/ArchiveIntermediates/wecatspos/IntermediateBuildFilesPath/wecatspos.build/Release-iphoneos/wecatspos.build/Objects-normal/arm64/wecatspos.SwiftFileList (in target 'wecatspos' from project 'wecatspos')
    cd /Users/matsumoto/Work/src/wecats-pos
    write-file /Users/matsumoto/Library/Developer/Xcode/DerivedData/wecatspos-ezotaurozeulvggxpnxclstusodc/Build/Intermediates.noindex/ArchiveIntermediates/wecatspos/IntermediateBuildFilesPath/wecatspos.build/Release-iphoneos/wecatspos.build/Objects-normal/arm64/wecatspos.SwiftFileList

WriteAuxiliaryFile /Users/matsumoto/Library/Developer/Xcode/DerivedData/wecatspos-ezotaurozeulvggxpnxclstusodc/Build/Intermediates.noindex/ArchiveIntermediates/wecatspos/IntermediateBuildFilesPath/wecatspos.build/Release-iphoneos/wecatspos.build/Objects-normal/arm64/wecatspos_const_extract_protocols.json (in target 'wecatspos' from project 'wecatspos')
    cd /Users/matsumoto/Work/src/wecats-pos
    write-file /Users/matsumoto/Library/Developer/Xcode/DerivedData/wecatspos-ezotaurozeulvggxpnxclstusodc/Build/Intermediates.noindex/ArchiveIntermediates/wecatspos/IntermediateBuildFilesPath/wecatspos.build/Release-iphoneos/wecatspos.build/Objects-normal/arm64/wecatspos_const_extract_protocols.json

WriteAuxiliaryFile /Users/matsumoto/Library/Developer/Xcode/DerivedData/wecatspos-ezotaurozeulvggxpnxclstusodc/Build/Intermediates.noindex/ArchiveIntermediates/wecatspos/IntermediateBuildFilesPath/wecatspos.build/Release-iphoneos/wecatspos.build/Objects-normal/arm64/wecatspos.SwiftConstValuesFileList (in target 'wecatspos' from project 'wecatspos')
    cd /Users/matsumoto/Work/src/wecats-pos
    write-file /Users/matsumoto/Library/Developer/Xcode/DerivedData/wecatspos-ezotaurozeulvggxpnxclstusodc/Build/Intermediates.noindex/ArchiveIntermediates/wecatspos/IntermediateBuildFilesPath/wecatspos.build/Release-iphoneos/wecatspos.build/Objects-normal/arm64/wecatspos.SwiftConstValuesFileList

WriteAuxiliaryFile /Users/matsumoto/Library/Developer/Xcode/DerivedData/wecatspos-ezotaurozeulvggxpnxclstusodc/Build/Intermediates.noindex/ArchiveIntermediates/wecatspos/IntermediateBuildFilesPath/wecatspos.build/Release-iphoneos/wecatspos.build/Objects-normal/arm64/wecatspos.LinkFileList (in target 'wecatspos' from project 'wecatspos')
    cd /Users/matsumoto/Work/src/wecats-pos
    write-file /Users/matsumoto/Library/Developer/Xcode/DerivedData/wecatspos-ezotaurozeulvggxpnxclstusodc/Build/Intermediates.noindex/ArchiveIntermediates/wecatspos/IntermediateBuildFilesPath/wecatspos.build/Release-iphoneos/wecatspos.build/Objects-normal/arm64/wecatspos.LinkFileList

WriteAuxiliaryFile /Users/matsumoto/Library/Developer/Xcode/DerivedData/wecatspos-ezotaurozeulvggxpnxclstusodc/Build/Intermediates.noindex/ArchiveIntermediates/wecatspos/IntermediateBuildFilesPath/wecatspos.build/Release-iphoneos/wecatspos.build/Objects-normal/arm64/wecatspos-OutputFileMap.json (in target 'wecatspos' from project 'wecatspos')
    cd /Users/matsumoto/Work/src/wecats-pos
    write-file /Users/matsumoto/Library/Developer/Xcode/DerivedData/wecatspos-ezotaurozeulvggxpnxclstusodc/Build/Intermediates.noindex/ArchiveIntermediates/wecatspos/IntermediateBuildFilesPath/wecatspos.build/Release-iphoneos/wecatspos.build/Objects-normal/arm64/wecatspos-OutputFileMap.json

WriteAuxiliaryFile /Users/matsumoto/Library/Developer/Xcode/DerivedData/wecatspos-ezotaurozeulvggxpnxclstusodc/Build/Intermediates.noindex/ArchiveIntermediates/wecatspos/IntermediateBuildFilesPath/wecatspos.build/Release-iphoneos/wecatspos.build/InputFileList-FD296021E24D0D19AFAA37EA-Pods-wecatspos-frameworks-Release-input-files-4bab69ada25e93a765e857abc0692780-resolved.xcfilelist (in target 'wecatspos' from project 'wecatspos')
    cd /Users/matsumoto/Work/src/wecats-pos
    write-file /Users/matsumoto/Library/Developer/Xcode/DerivedData/wecatspos-ezotaurozeulvggxpnxclstusodc/Build/Intermediates.noindex/ArchiveIntermediates/wecatspos/IntermediateBuildFilesPath/wecatspos.build/Release-iphoneos/wecatspos.build/InputFileList-FD296021E24D0D19AFAA37EA-Pods-wecatspos-frameworks-Release-input-files-4bab69ada25e93a765e857abc0692780-resolved.xcfilelist

WriteAuxiliaryFile /Users/matsumoto/Library/Developer/Xcode/DerivedData/wecatspos-ezotaurozeulvggxpnxclstusodc/Build/Intermediates.noindex/ArchiveIntermediates/wecatspos/IntermediateBuildFilesPath/wecatspos.build/Release-iphoneos/wecatspos.build/DerivedSources/Entitlements.plist (in target 'wecatspos' from project 'wecatspos')
    cd /Users/matsumoto/Work/src/wecats-pos
    write-file /Users/matsumoto/Library/Developer/Xcode/DerivedData/wecatspos-ezotaurozeulvggxpnxclstusodc/Build/Intermediates.noindex/ArchiveIntermediates/wecatspos/IntermediateBuildFilesPath/wecatspos.build/Release-iphoneos/wecatspos.build/DerivedSources/Entitlements.plist

WriteAuxiliaryFile /Users/matsumoto/Library/Developer/Xcode/DerivedData/wecatspos-ezotaurozeulvggxpnxclstusodc/Build/Intermediates.noindex/ArchiveIntermediates/wecatspos/IntermediateBuildFilesPath/Pods.build/Release-iphoneos/Pods-wecatspos.build/Pods_wecatspos.DependencyStaticMetadataFileList (in target 'Pods-wecatspos' from project 'Pods')
    cd /Users/matsumoto/Work/src/wecats-pos/Pods
    write-file /Users/matsumoto/Library/Developer/Xcode/DerivedData/wecatspos-ezotaurozeulvggxpnxclstusodc/Build/Intermediates.noindex/ArchiveIntermediates/wecatspos/IntermediateBuildFilesPath/Pods.build/Release-iphoneos/Pods-wecatspos.build/Pods_wecatspos.DependencyStaticMetadataFileList

WriteAuxiliaryFile /Users/matsumoto/Library/Developer/Xcode/DerivedData/wecatspos-ezotaurozeulvggxpnxclstusodc/Build/Intermediates.noindex/ArchiveIntermediates/wecatspos/IntermediateBuildFilesPath/Pods.build/Release-iphoneos/Pods-wecatspos.build/Pods_wecatspos.hmap (in target 'Pods-wecatspos' from project 'Pods')
    cd /Users/matsumoto/Work/src/wecats-pos/Pods
    write-file /Users/matsumoto/Library/Developer/Xcode/DerivedData/wecatspos-ezotaurozeulvggxpnxclstusodc/Build/Intermediates.noindex/ArchiveIntermediates/wecatspos/IntermediateBuildFilesPath/Pods.build/Release-iphoneos/Pods-wecatspos.build/Pods_wecatspos.hmap

WriteAuxiliaryFile /Users/matsumoto/Library/Developer/Xcode/DerivedData/wecatspos-ezotaurozeulvggxpnxclstusodc/Build/Intermediates.noindex/ArchiveIntermediates/wecatspos/IntermediateBuildFilesPath/Pods.build/Release-iphoneos/Pods-wecatspos.build/Pods_wecatspos.DependencyMetadataFileList (in target 'Pods-wecatspos' from project 'Pods')
    cd /Users/matsumoto/Work/src/wecats-pos/Pods
    write-file /Users/matsumoto/Library/Developer/Xcode/DerivedData/wecatspos-ezotaurozeulvggxpnxclstusodc/Build/Intermediates.noindex/ArchiveIntermediates/wecatspos/IntermediateBuildFilesPath/Pods.build/Release-iphoneos/Pods-wecatspos.build/Pods_wecatspos.DependencyMetadataFileList

WriteAuxiliaryFile /Users/matsumoto/Library/Developer/Xcode/DerivedData/wecatspos-ezotaurozeulvggxpnxclstusodc/Build/Intermediates.noindex/ArchiveIntermediates/wecatspos/IntermediateBuildFilesPath/Pods.build/Release-iphoneos/Pods-wecatspos.build/Pods_wecatspos-project-headers.hmap (in target 'Pods-wecatspos' from project 'Pods')
    cd /Users/matsumoto/Work/src/wecats-pos/Pods
    write-file /Users/matsumoto/Library/Developer/Xcode/DerivedData/wecatspos-ezotaurozeulvggxpnxclstusodc/Build/Intermediates.noindex/ArchiveIntermediates/wecatspos/IntermediateBuildFilesPath/Pods.build/Release-iphoneos/Pods-wecatspos.build/Pods_wecatspos-project-headers.hmap

WriteAuxiliaryFile /Users/matsumoto/Library/Developer/Xcode/DerivedData/wecatspos-ezotaurozeulvggxpnxclstusodc/Build/Intermediates.noindex/ArchiveIntermediates/wecatspos/IntermediateBuildFilesPath/Pods.build/Release-iphoneos/Pods-wecatspos.build/Pods_wecatspos-generated-files.hmap (in target 'Pods-wecatspos' from project 'Pods')
    cd /Users/matsumoto/Work/src/wecats-pos/Pods
    write-file /Users/matsumoto/Library/Developer/Xcode/DerivedData/wecatspos-ezotaurozeulvggxpnxclstusodc/Build/Intermediates.noindex/ArchiveIntermediates/wecatspos/IntermediateBuildFilesPath/Pods.build/Release-iphoneos/Pods-wecatspos.build/Pods_wecatspos-generated-files.hmap

WriteAuxiliaryFile /Users/matsumoto/Library/Developer/Xcode/DerivedData/wecatspos-ezotaurozeulvggxpnxclstusodc/Build/Intermediates.noindex/ArchiveIntermediates/wecatspos/IntermediateBuildFilesPath/Pods.build/Release-iphoneos/Pods-wecatspos.build/Pods_wecatspos-own-target-headers.hmap (in target 'Pods-wecatspos' from project 'Pods')
    cd /Users/matsumoto/Work/src/wecats-pos/Pods
    write-file /Users/matsumoto/Library/Developer/Xcode/DerivedData/wecatspos-ezotaurozeulvggxpnxclstusodc/Build/Intermediates.noindex/ArchiveIntermediates/wecatspos/IntermediateBuildFilesPath/Pods.build/Release-iphoneos/Pods-wecatspos.build/Pods_wecatspos-own-target-headers.hmap

WriteAuxiliaryFile /Users/matsumoto/Library/Developer/Xcode/DerivedData/wecatspos-ezotaurozeulvggxpnxclstusodc/Build/Intermediates.noindex/ArchiveIntermediates/wecatspos/IntermediateBuildFilesPath/Pods.build/Release-iphoneos/Pods-wecatspos.build/Pods_wecatspos-all-target-headers.hmap (in target 'Pods-wecatspos' from project 'Pods')
    cd /Users/matsumoto/Work/src/wecats-pos/Pods
    write-file /Users/matsumoto/Library/Developer/Xcode/DerivedData/wecatspos-ezotaurozeulvggxpnxclstusodc/Build/Intermediates.noindex/ArchiveIntermediates/wecatspos/IntermediateBuildFilesPath/Pods.build/Release-iphoneos/Pods-wecatspos.build/Pods_wecatspos-all-target-headers.hmap

WriteAuxiliaryFile /Users/matsumoto/Library/Developer/Xcode/DerivedData/wecatspos-ezotaurozeulvggxpnxclstusodc/Build/Intermediates.noindex/ArchiveIntermediates/wecatspos/IntermediateBuildFilesPath/Pods.build/Release-iphoneos/Pods-wecatspos.build/Pods_wecatspos-all-non-framework-target-headers.hmap (in target 'Pods-wecatspos' from project 'Pods')
    cd /Users/matsumoto/Work/src/wecats-pos/Pods
    write-file /Users/matsumoto/Library/Developer/Xcode/DerivedData/wecatspos-ezotaurozeulvggxpnxclstusodc/Build/Intermediates.noindex/ArchiveIntermediates/wecatspos/IntermediateBuildFilesPath/Pods.build/Release-iphoneos/Pods-wecatspos.build/Pods_wecatspos-all-non-framework-target-headers.hmap

WriteAuxiliaryFile /Users/matsumoto/Library/Developer/Xcode/DerivedData/wecatspos-ezotaurozeulvggxpnxclstusodc/Build/Intermediates.noindex/ArchiveIntermediates/wecatspos/IntermediateBuildFilesPath/Pods.build/Release-iphoneos/Pods-wecatspos.build/Objects-normal/arm64/e6072d4f65d7061329687fe24e3d63a7-common-args.resp (in target 'Pods-wecatspos' from project 'Pods')
    cd /Users/matsumoto/Work/src/wecats-pos/Pods
    write-file /Users/matsumoto/Library/Developer/Xcode/DerivedData/wecatspos-ezotaurozeulvggxpnxclstusodc/Build/Intermediates.noindex/ArchiveIntermediates/wecatspos/IntermediateBuildFilesPath/Pods.build/Release-iphoneos/Pods-wecatspos.build/Objects-normal/arm64/e6072d4f65d7061329687fe24e3d63a7-common-args.resp
-target arm64-apple-ios13.0 '-std=gnu11' -fobjc-arc -fmodules -gmodules '-fmodules-cache-path=/Users/matsumoto/Library/Developer/Xcode/DerivedData/ModuleCache.noindex' '-fmodule-name=Pods_wecatspos' -fpascal-strings -Os -fno-common '-DPOD_CONFIGURATION_RELEASE=1' '-DCOCOAPODS=1' '-DNS_BLOCK_ASSERTIONS=1' '-DOBJC_OLD_DISPATCH_PROTOTYPES=0' -isysroot /Applications/Xcode26.2.app/Contents/Developer/Platforms/iPhoneOS.platform/Developer/SDKs/iPhoneOS26.2.sdk -g -iquote /Users/matsumoto/Library/Developer/Xcode/DerivedData/wecatspos-ezotaurozeulvggxpnxclstusodc/Build/Intermediates.noindex/ArchiveIntermediates/wecatspos/IntermediateBuildFilesPath/Pods.build/Release-iphoneos/Pods-wecatspos.build/Pods_wecatspos-generated-files.hmap -I/Users/matsumoto/Library/Developer/Xcode/DerivedData/wecatspos-ezotaurozeulvggxpnxclstusodc/Build/Intermediates.noindex/ArchiveIntermediates/wecatspos/IntermediateBuildFilesPath/Pods.build/Release-iphoneos/Pods-wecatspos.build/Pods_wecatspos-own-target-headers.hmap -I/Users/matsumoto/Library/Developer/Xcode/DerivedData/wecatspos-ezotaurozeulvggxpnxclstusodc/Build/Intermediates.noindex/ArchiveIntermediates/wecatspos/IntermediateBuildFilesPath/Pods.build/Release-iphoneos/Pods-wecatspos.build/Pods_wecatspos-all-non-framework-target-headers.hmap -ivfsoverlay /Users/matsumoto/Library/Developer/Xcode/DerivedData/wecatspos-ezotaurozeulvggxpnxclstusodc/Build/Intermediates.noindex/ArchiveIntermediates/wecatspos/IntermediateBuildFilesPath/Pods.build/Release-iphoneos/Pods-8699adb1dd336b26511df848a716bd42-VFS-iphoneos/all-product-headers.yaml -iquote /Users/matsumoto/Library/Developer/Xcode/DerivedData/wecatspos-ezotaurozeulvggxpnxclstusodc/Build/Intermediates.noindex/ArchiveIntermediates/wecatspos/IntermediateBuildFilesPath/Pods.build/Release-iphoneos/Pods-wecatspos.build/Pods_wecatspos-project-headers.hmap -I/Users/matsumoto/Library/Developer/Xcode/DerivedData/wecatspos-ezotaurozeulvggxpnxclstusodc/Build/Intermediates.noindex/ArchiveIntermediates/wecatspos/BuildProductsPath/Release-iphoneos/include -I/Users/matsumoto/Library/Developer/Xcode/DerivedData/wecatspos-ezotaurozeulvggxpnxclstusodc/Build/Intermediates.noindex/ArchiveIntermediates/wecatspos/BuildProductsPath/Release-iphoneos/Alamofire/Alamofire.framework/Headers -I/Users/matsumoto/Library/Developer/Xcode/DerivedData/wecatspos-ezotaurozeulvggxpnxclstusodc/Build/Intermediates.noindex/ArchiveIntermediates/wecatspos/BuildProductsPath/Release-iphoneos/HolidayJp/HolidayJp.framework/Headers -I/Users/matsumoto/Library/Developer/Xcode/DerivedData/wecatspos-ezotaurozeulvggxpnxclstusodc/Build/Intermediates.noindex/ArchiveIntermediates/wecatspos/BuildProductsPath/Release-iphoneos/Moya/Moya.framework/Headers -I/Users/matsumoto/Library/Developer/Xcode/DerivedData/wecatspos-ezotaurozeulvggxpnxclstusodc/Build/Intermediates.noindex/ArchiveIntermediates/wecatspos/BuildProductsPath/Release-iphoneos/R.swift.Library/Rswift.framework/Headers -I/Users/matsumoto/Library/Developer/Xcode/DerivedData/wecatspos-ezotaurozeulvggxpnxclstusodc/Build/Intermediates.noindex/ArchiveIntermediates/wecatspos/BuildProductsPath/Release-iphoneos/RxSwift/RxSwift.framework/Headers -I/Users/matsumoto/Library/Developer/Xcode/DerivedData/wecatspos-ezotaurozeulvggxpnxclstusodc/Build/Intermediates.noindex/ArchiveIntermediates/wecatspos/IntermediateBuildFilesPath/Pods.build/Release-iphoneos/Pods-wecatspos.build/DerivedSources-normal/arm64 -I/Users/matsumoto/Library/Developer/Xcode/DerivedData/wecatspos-ezotaurozeulvggxpnxclstusodc/Build/Intermediates.noindex/ArchiveIntermediates/wecatspos/IntermediateBuildFilesPath/Pods.build/Release-iphoneos/Pods-wecatspos.build/DerivedSources/arm64 -I/Users/matsumoto/Library/Developer/Xcode/DerivedData/wecatspos-ezotaurozeulvggxpnxclstusodc/Build/Intermediates.noindex/ArchiveIntermediates/wecatspos/IntermediateBuildFilesPath/Pods.build/Release-iphoneos/Pods-wecatspos.build/DerivedSources -F/Users/matsumoto/Library/Developer/Xcode/DerivedData/wecatspos-ezotaurozeulvggxpnxclstusodc/Build/Intermediates.noindex/ArchiveIntermediates/wecatspos/BuildProductsPath/Release-iphoneos -F/Users/matsumoto/Library/Developer/Xcode/DerivedData/wecatspos-ezotaurozeulvggxpnxclstusodc/Build/Intermediates.noindex/ArchiveIntermediates/wecatspos/BuildProductsPath/Release-iphoneos/Alamofire -F/Users/matsumoto/Library/Developer/Xcode/DerivedData/wecatspos-ezotaurozeulvggxpnxclstusodc/Build/Intermediates.noindex/ArchiveIntermediates/wecatspos/BuildProductsPath/Release-iphoneos/HolidayJp -F/Users/matsumoto/Library/Developer/Xcode/DerivedData/wecatspos-ezotaurozeulvggxpnxclstusodc/Build/Intermediates.noindex/ArchiveIntermediates/wecatspos/BuildProductsPath/Release-iphoneos/Moya -F/Users/matsumoto/Library/Developer/Xcode/DerivedData/wecatspos-ezotaurozeulvggxpnxclstusodc/Build/Intermediates.noindex/ArchiveIntermediates/wecatspos/BuildProductsPath/Release-iphoneos/R.swift.Library -F/Users/matsumoto/Library/Developer/Xcode/DerivedData/wecatspos-ezotaurozeulvggxpnxclstusodc/Build/Intermediates.noindex/ArchiveIntermediates/wecatspos/BuildProductsPath/Release-iphoneos/RxSwift

WriteAuxiliaryFile /Users/matsumoto/Library/Developer/Xcode/DerivedData/wecatspos-ezotaurozeulvggxpnxclstusodc/Build/Intermediates.noindex/ArchiveIntermediates/wecatspos/IntermediateBuildFilesPath/Pods.build/Release-iphoneos/Pods-wecatspos.build/Objects-normal/arm64/Pods_wecatspos.LinkFileList (in target 'Pods-wecatspos' from project 'Pods')
    cd /Users/matsumoto/Work/src/wecats-pos/Pods
    write-file /Users/matsumoto/Library/Developer/Xcode/DerivedData/wecatspos-ezotaurozeulvggxpnxclstusodc/Build/Intermediates.noindex/ArchiveIntermediates/wecatspos/IntermediateBuildFilesPath/Pods.build/Release-iphoneos/Pods-wecatspos.build/Objects-normal/arm64/Pods_wecatspos.LinkFileList

WriteAuxiliaryFile /Users/matsumoto/Library/Developer/Xcode/DerivedData/wecatspos-ezotaurozeulvggxpnxclstusodc/Build/Intermediates.noindex/ArchiveIntermediates/wecatspos/IntermediateBuildFilesPath/Pods.build/Release-iphoneos/Pods-wecatspos.build/Objects-normal/arm64/7187679823f38a2a940e0043cdf9d637-common-args.resp (in target 'Pods-wecatspos' from project 'Pods')
    cd /Users/matsumoto/Work/src/wecats-pos/Pods
    write-file /Users/matsumoto/Library/Developer/Xcode/DerivedData/wecatspos-ezotaurozeulvggxpnxclstusodc/Build/Intermediates.noindex/ArchiveIntermediates/wecatspos/IntermediateBuildFilesPath/Pods.build/Release-iphoneos/Pods-wecatspos.build/Objects-normal/arm64/7187679823f38a2a940e0043cdf9d637-common-args.resp
-target arm64-apple-ios13.0 '-std=gnu11' -fmodules -gmodules '-fmodules-cache-path=/Users/matsumoto/Library/Developer/Xcode/DerivedData/ModuleCache.noindex' '-fmodule-name=Pods_wecatspos' -fpascal-strings -Os -fno-common '-DPOD_CONFIGURATION_RELEASE=1' '-DCOCOAPODS=1' -isysroot /Applications/Xcode26.2.app/Contents/Developer/Platforms/iPhoneOS.platform/Developer/SDKs/iPhoneOS26.2.sdk -g -iquote /Users/matsumoto/Library/Developer/Xcode/DerivedData/wecatspos-ezotaurozeulvggxpnxclstusodc/Build/Intermediates.noindex/ArchiveIntermediates/wecatspos/IntermediateBuildFilesPath/Pods.build/Release-iphoneos/Pods-wecatspos.build/Pods_wecatspos-generated-files.hmap -I/Users/matsumoto/Library/Developer/Xcode/DerivedData/wecatspos-ezotaurozeulvggxpnxclstusodc/Build/Intermediates.noindex/ArchiveIntermediates/wecatspos/IntermediateBuildFilesPath/Pods.build/Release-iphoneos/Pods-wecatspos.build/Pods_wecatspos-own-target-headers.hmap -I/Users/matsumoto/Library/Developer/Xcode/DerivedData/wecatspos-ezotaurozeulvggxpnxclstusodc/Build/Intermediates.noindex/ArchiveIntermediates/wecatspos/IntermediateBuildFilesPath/Pods.build/Release-iphoneos/Pods-wecatspos.build/Pods_wecatspos-all-non-framework-target-headers.hmap -ivfsoverlay /Users/matsumoto/Library/Developer/Xcode/DerivedData/wecatspos-ezotaurozeulvggxpnxclstusodc/Build/Intermediates.noindex/ArchiveIntermediates/wecatspos/IntermediateBuildFilesPath/Pods.build/Release-iphoneos/Pods-8699adb1dd336b26511df848a716bd42-VFS-iphoneos/all-product-headers.yaml -iquote /Users/matsumoto/Library/Developer/Xcode/DerivedData/wecatspos-ezotaurozeulvggxpnxclstusodc/Build/Intermediates.noindex/ArchiveIntermediates/wecatspos/IntermediateBuildFilesPath/Pods.build/Release-iphoneos/Pods-wecatspos.build/Pods_wecatspos-project-headers.hmap -I/Users/matsumoto/Library/Developer/Xcode/DerivedData/wecatspos-ezotaurozeulvggxpnxclstusodc/Build/Intermediates.noindex/ArchiveIntermediates/wecatspos/BuildProductsPath/Release-iphoneos/include -I/Users/matsumoto/Library/Developer/Xcode/DerivedData/wecatspos-ezotaurozeulvggxpnxclstusodc/Build/Intermediates.noindex/ArchiveIntermediates/wecatspos/BuildProductsPath/Release-iphoneos/Alamofire/Alamofire.framework/Headers -I/Users/matsumoto/Library/Developer/Xcode/DerivedData/wecatspos-ezotaurozeulvggxpnxclstusodc/Build/Intermediates.noindex/ArchiveIntermediates/wecatspos/BuildProductsPath/Release-iphoneos/HolidayJp/HolidayJp.framework/Headers -I/Users/matsumoto/Library/Developer/Xcode/DerivedData/wecatspos-ezotaurozeulvggxpnxclstusodc/Build/Intermediates.noindex/ArchiveIntermediates/wecatspos/BuildProductsPath/Release-iphoneos/Moya/Moya.framework/Headers -I/Users/matsumoto/Library/Developer/Xcode/DerivedData/wecatspos-ezotaurozeulvggxpnxclstusodc/Build/Intermediates.noindex/ArchiveIntermediates/wecatspos/BuildProductsPath/Release-iphoneos/R.swift.Library/Rswift.framework/Headers -I/Users/matsumoto/Library/Developer/Xcode/DerivedData/wecatspos-ezotaurozeulvggxpnxclstusodc/Build/Intermediates.noindex/ArchiveIntermediates/wecatspos/BuildProductsPath/Release-iphoneos/RxSwift/RxSwift.framework/Headers -I/Users/matsumoto/Library/Developer/Xcode/DerivedData/wecatspos-ezotaurozeulvggxpnxclstusodc/Build/Intermediates.noindex/ArchiveIntermediates/wecatspos/IntermediateBuildFilesPath/Pods.build/Release-iphoneos/Pods-wecatspos.build/DerivedSources-normal/arm64 -I/Users/matsumoto/Library/Developer/Xcode/DerivedData/wecatspos-ezotaurozeulvggxpnxclstusodc/Build/Intermediates.noindex/ArchiveIntermediates/wecatspos/IntermediateBuildFilesPath/Pods.build/Release-iphoneos/Pods-wecatspos.build/DerivedSources/arm64 -I/Users/matsumoto/Library/Developer/Xcode/DerivedData/wecatspos-ezotaurozeulvggxpnxclstusodc/Build/Intermediates.noindex/ArchiveIntermediates/wecatspos/IntermediateBuildFilesPath/Pods.build/Release-iphoneos/Pods-wecatspos.build/DerivedSources -F/Users/matsumoto/Library/Developer/Xcode/DerivedData/wecatspos-ezotaurozeulvggxpnxclstusodc/Build/Intermediates.noindex/ArchiveIntermediates/wecatspos/BuildProductsPath/Release-iphoneos -F/Users/matsumoto/Library/Developer/Xcode/DerivedData/wecatspos-ezotaurozeulvggxpnxclstusodc/Build/Intermediates.noindex/ArchiveIntermediates/wecatspos/BuildProductsPath/Release-iphoneos/Alamofire -F/Users/matsumoto/Library/Developer/Xcode/DerivedData/wecatspos-ezotaurozeulvggxpnxclstusodc/Build/Intermediates.noindex/ArchiveIntermediates/wecatspos/BuildProductsPath/Release-iphoneos/HolidayJp -F/Users/matsumoto/Library/Developer/Xcode/DerivedData/wecatspos-ezotaurozeulvggxpnxclstusodc/Build/Intermediates.noindex/ArchiveIntermediates/wecatspos/BuildProductsPath/Release-iphoneos/Moya -F/Users/matsumoto/Library/Developer/Xcode/DerivedData/wecatspos-ezotaurozeulvggxpnxclstusodc/Build/Intermediates.noindex/ArchiveIntermediates/wecatspos/BuildProductsPath/Release-iphoneos/R.swift.Library -F/Users/matsumoto/Library/Developer/Xcode/DerivedData/wecatspos-ezotaurozeulvggxpnxclstusodc/Build/Intermediates.noindex/ArchiveIntermediates/wecatspos/BuildProductsPath/Release-iphoneos/RxSwift

WriteAuxiliaryFile /Users/matsumoto/Library/Developer/Xcode/DerivedData/wecatspos-ezotaurozeulvggxpnxclstusodc/Build/Intermediates.noindex/ArchiveIntermediates/wecatspos/IntermediateBuildFilesPath/Pods.build/Release-iphoneos/Pods-wecatspos.build/DerivedSources/Pods_wecatspos_vers.c (in target 'Pods-wecatspos' from project 'Pods')
    cd /Users/matsumoto/Work/src/wecats-pos/Pods
    write-file /Users/matsumoto/Library/Developer/Xcode/DerivedData/wecatspos-ezotaurozeulvggxpnxclstusodc/Build/Intermediates.noindex/ArchiveIntermediates/wecatspos/IntermediateBuildFilesPath/Pods.build/Release-iphoneos/Pods-wecatspos.build/DerivedSources/Pods_wecatspos_vers.c

Copy /Users/matsumoto/Library/Developer/Xcode/DerivedData/wecatspos-ezotaurozeulvggxpnxclstusodc/Build/Intermediates.noindex/ArchiveIntermediates/wecatspos/IntermediateBuildFilesPath/Pods.build/Release-iphoneos/Pods-wecatspos.build/module.modulemap /Users/matsumoto/Work/src/wecats-pos/Pods/Target\ Support\ Files/Pods-wecatspos/Pods-wecatspos.modulemap (in target 'Pods-wecatspos' from project 'Pods')
    cd /Users/matsumoto/Work/src/wecats-pos/Pods
    builtin-copy -exclude .DS_Store -exclude CVS -exclude .svn -exclude .git -exclude .hg -resolve-src-symlinks -rename /Users/matsumoto/Work/src/wecats-pos/Pods/Target\ Support\ Files/Pods-wecatspos/Pods-wecatspos.modulemap /Users/matsumoto/Library/Developer/Xcode/DerivedData/wecatspos-ezotaurozeulvggxpnxclstusodc/Build/Intermediates.noindex/ArchiveIntermediates/wecatspos/IntermediateBuildFilesPath/Pods.build/Release-iphoneos/Pods-wecatspos.build/module.modulemap

CpHeader /Users/matsumoto/Library/Developer/Xcode/DerivedData/wecatspos-ezotaurozeulvggxpnxclstusodc/Build/Intermediates.noindex/ArchiveIntermediates/wecatspos/IntermediateBuildFilesPath/UninstalledProducts/iphoneos/Pods_wecatspos.framework/Headers/Pods-wecatspos-umbrella.h /Users/matsumoto/Work/src/wecats-pos/Pods/Target\ Support\ Files/Pods-wecatspos/Pods-wecatspos-umbrella.h (in target 'Pods-wecatspos' from project 'Pods')
    cd /Users/matsumoto/Work/src/wecats-pos/Pods
    builtin-copy -exclude .DS_Store -exclude CVS -exclude .svn -exclude .git -exclude .hg -resolve-src-symlinks /Users/matsumoto/Work/src/wecats-pos/Pods/Target\ Support\ Files/Pods-wecatspos/Pods-wecatspos-umbrella.h /Users/matsumoto/Library/Developer/Xcode/DerivedData/wecatspos-ezotaurozeulvggxpnxclstusodc/Build/Intermediates.noindex/ArchiveIntermediates/wecatspos/IntermediateBuildFilesPath/UninstalledProducts/iphoneos/Pods_wecatspos.framework/Headers

SymLink /Users/matsumoto/Library/Developer/Xcode/DerivedData/wecatspos-ezotaurozeulvggxpnxclstusodc/Build/Intermediates.noindex/ArchiveIntermediates/wecatspos/BuildProductsPath/Release-iphoneos/wecatspos.app ../../InstallationBuildProductsLocation/Applications/wecatspos.app (in target 'wecatspos' from project 'wecatspos')
    cd /Users/matsumoto/Work/src/wecats-pos
    /bin/ln -sfh ../../InstallationBuildProductsLocation/Applications/wecatspos.app /Users/matsumoto/Library/Developer/Xcode/DerivedData/wecatspos-ezotaurozeulvggxpnxclstusodc/Build/Intermediates.noindex/ArchiveIntermediates/wecatspos/BuildProductsPath/Release-iphoneos/wecatspos.app

MkDir /Users/matsumoto/Library/Developer/Xcode/DerivedData/wecatspos-ezotaurozeulvggxpnxclstusodc/Build/Intermediates.noindex/ArchiveIntermediates/wecatspos/InstallationBuildProductsLocation/Applications/wecatspos.app/Frameworks (in target 'wecatspos' from project 'wecatspos')
    cd /Users/matsumoto/Work/src/wecats-pos
    /bin/mkdir -p /Users/matsumoto/Library/Developer/Xcode/DerivedData/wecatspos-ezotaurozeulvggxpnxclstusodc/Build/Intermediates.noindex/ArchiveIntermediates/wecatspos/InstallationBuildProductsLocation/Applications/wecatspos.app/Frameworks

MkDir /Users/matsumoto/Library/Developer/Xcode/DerivedData/wecatspos-ezotaurozeulvggxpnxclstusodc/Build/Intermediates.noindex/ArchiveIntermediates/wecatspos/InstallationBuildProductsLocation/Applications/wecatspos.app (in target 'wecatspos' from project 'wecatspos')
    cd /Users/matsumoto/Work/src/wecats-pos
    /bin/mkdir -p /Users/matsumoto/Library/Developer/Xcode/DerivedData/wecatspos-ezotaurozeulvggxpnxclstusodc/Build/Intermediates.noindex/ArchiveIntermediates/wecatspos/InstallationBuildProductsLocation/Applications/wecatspos.app

WriteAuxiliaryFile /Users/matsumoto/Library/Developer/Xcode/DerivedData/wecatspos-ezotaurozeulvggxpnxclstusodc/Build/Intermediates.noindex/ArchiveIntermediates/wecatspos/IntermediateBuildFilesPath/Pods.build/Release-iphoneos/RxSwift-RxSwift_Privacy.build/RxSwift_Privacy.DependencyMetadataFileList (in target 'RxSwift-RxSwift_Privacy' from project 'Pods')
    cd /Users/matsumoto/Work/src/wecats-pos/Pods
    write-file /Users/matsumoto/Library/Developer/Xcode/DerivedData/wecatspos-ezotaurozeulvggxpnxclstusodc/Build/Intermediates.noindex/ArchiveIntermediates/wecatspos/IntermediateBuildFilesPath/Pods.build/Release-iphoneos/RxSwift-RxSwift_Privacy.build/RxSwift_Privacy.DependencyMetadataFileList

WriteAuxiliaryFile /Users/matsumoto/Library/Developer/Xcode/DerivedData/wecatspos-ezotaurozeulvggxpnxclstusodc/Build/Intermediates.noindex/ArchiveIntermediates/wecatspos/IntermediateBuildFilesPath/Pods.build/Release-iphoneos/RxSwift-RxSwift_Privacy.build/RxSwift_Privacy.DependencyStaticMetadataFileList (in target 'RxSwift-RxSwift_Privacy' from project 'Pods')
    cd /Users/matsumoto/Work/src/wecats-pos/Pods
    write-file /Users/matsumoto/Library/Developer/Xcode/DerivedData/wecatspos-ezotaurozeulvggxpnxclstusodc/Build/Intermediates.noindex/ArchiveIntermediates/wecatspos/IntermediateBuildFilesPath/Pods.build/Release-iphoneos/RxSwift-RxSwift_Privacy.build/RxSwift_Privacy.DependencyStaticMetadataFileList

WriteAuxiliaryFile /Users/matsumoto/Library/Developer/Xcode/DerivedData/wecatspos-ezotaurozeulvggxpnxclstusodc/Build/Intermediates.noindex/ArchiveIntermediates/wecatspos/IntermediateBuildFilesPath/Pods.build/Release-iphoneos/RxSwift-RxSwift_Privacy.build/RxSwift_Privacy.hmap (in target 'RxSwift-RxSwift_Privacy' from project 'Pods')
    cd /Users/matsumoto/Work/src/wecats-pos/Pods
    write-file /Users/matsumoto/Library/Developer/Xcode/DerivedData/wecatspos-ezotaurozeulvggxpnxclstusodc/Build/Intermediates.noindex/ArchiveIntermediates/wecatspos/IntermediateBuildFilesPath/Pods.build/Release-iphoneos/RxSwift-RxSwift_Privacy.build/RxSwift_Privacy.hmap

WriteAuxiliaryFile /Users/matsumoto/Library/Developer/Xcode/DerivedData/wecatspos-ezotaurozeulvggxpnxclstusodc/Build/Intermediates.noindex/ArchiveIntermediates/wecatspos/IntermediateBuildFilesPath/Pods.build/Release-iphoneos/RxSwift-RxSwift_Privacy.build/RxSwift_Privacy-project-headers.hmap (in target 'RxSwift-RxSwift_Privacy' from project 'Pods')
    cd /Users/matsumoto/Work/src/wecats-pos/Pods
    write-file /Users/matsumoto/Library/Developer/Xcode/DerivedData/wecatspos-ezotaurozeulvggxpnxclstusodc/Build/Intermediates.noindex/ArchiveIntermediates/wecatspos/IntermediateBuildFilesPath/Pods.build/Release-iphoneos/RxSwift-RxSwift_Privacy.build/RxSwift_Privacy-project-headers.hmap

WriteAuxiliaryFile /Users/matsumoto/Library/Developer/Xcode/DerivedData/wecatspos-ezotaurozeulvggxpnxclstusodc/Build/Intermediates.noindex/ArchiveIntermediates/wecatspos/IntermediateBuildFilesPath/Pods.build/Release-iphoneos/RxSwift-RxSwift_Privacy.build/RxSwift_Privacy-own-target-headers.hmap (in target 'RxSwift-RxSwift_Privacy' from project 'Pods')
    cd /Users/matsumoto/Work/src/wecats-pos/Pods
    write-file /Users/matsumoto/Library/Developer/Xcode/DerivedData/wecatspos-ezotaurozeulvggxpnxclstusodc/Build/Intermediates.noindex/ArchiveIntermediates/wecatspos/IntermediateBuildFilesPath/Pods.build/Release-iphoneos/RxSwift-RxSwift_Privacy.build/RxSwift_Privacy-own-target-headers.hmap

WriteAuxiliaryFile /Users/matsumoto/Library/Developer/Xcode/DerivedData/wecatspos-ezotaurozeulvggxpnxclstusodc/Build/Intermediates.noindex/ArchiveIntermediates/wecatspos/IntermediateBuildFilesPath/Pods.build/Release-iphoneos/RxSwift-RxSwift_Privacy.build/RxSwift_Privacy-generated-files.hmap (in target 'RxSwift-RxSwift_Privacy' from project 'Pods')
    cd /Users/matsumoto/Work/src/wecats-pos/Pods
    write-file /Users/matsumoto/Library/Developer/Xcode/DerivedData/wecatspos-ezotaurozeulvggxpnxclstusodc/Build/Intermediates.noindex/ArchiveIntermediates/wecatspos/IntermediateBuildFilesPath/Pods.build/Release-iphoneos/RxSwift-RxSwift_Privacy.build/RxSwift_Privacy-generated-files.hmap

WriteAuxiliaryFile /Users/matsumoto/Library/Developer/Xcode/DerivedData/wecatspos-ezotaurozeulvggxpnxclstusodc/Build/Intermediates.noindex/ArchiveIntermediates/wecatspos/IntermediateBuildFilesPath/Pods.build/Release-iphoneos/RxSwift-RxSwift_Privacy.build/RxSwift_Privacy-all-target-headers.hmap (in target 'RxSwift-RxSwift_Privacy' from project 'Pods')
    cd /Users/matsumoto/Work/src/wecats-pos/Pods
    write-file /Users/matsumoto/Library/Developer/Xcode/DerivedData/wecatspos-ezotaurozeulvggxpnxclstusodc/Build/Intermediates.noindex/ArchiveIntermediates/wecatspos/IntermediateBuildFilesPath/Pods.build/Release-iphoneos/RxSwift-RxSwift_Privacy.build/RxSwift_Privacy-all-target-headers.hmap

WriteAuxiliaryFile /Users/matsumoto/Library/Developer/Xcode/DerivedData/wecatspos-ezotaurozeulvggxpnxclstusodc/Build/Intermediates.noindex/ArchiveIntermediates/wecatspos/IntermediateBuildFilesPath/Pods.build/Release-iphoneos/RxSwift-RxSwift_Privacy.build/RxSwift_Privacy-all-non-framework-target-headers.hmap (in target 'RxSwift-RxSwift_Privacy' from project 'Pods')
    cd /Users/matsumoto/Work/src/wecats-pos/Pods
    write-file /Users/matsumoto/Library/Developer/Xcode/DerivedData/wecatspos-ezotaurozeulvggxpnxclstusodc/Build/Intermediates.noindex/ArchiveIntermediates/wecatspos/IntermediateBuildFilesPath/Pods.build/Release-iphoneos/RxSwift-RxSwift_Privacy.build/RxSwift_Privacy-all-non-framework-target-headers.hmap

WriteAuxiliaryFile /Users/matsumoto/Library/Developer/Xcode/DerivedData/wecatspos-ezotaurozeulvggxpnxclstusodc/Build/Intermediates.noindex/ArchiveIntermediates/wecatspos/IntermediateBuildFilesPath/Pods.build/Release-iphoneos/RxSwift.build/unextended-module-overlay.yaml (in target 'RxSwift' from project 'Pods')
    cd /Users/matsumoto/Work/src/wecats-pos/Pods
    write-file /Users/matsumoto/Library/Developer/Xcode/DerivedData/wecatspos-ezotaurozeulvggxpnxclstusodc/Build/Intermediates.noindex/ArchiveIntermediates/wecatspos/IntermediateBuildFilesPath/Pods.build/Release-iphoneos/RxSwift.build/unextended-module-overlay.yaml

WriteAuxiliaryFile /Users/matsumoto/Library/Developer/Xcode/DerivedData/wecatspos-ezotaurozeulvggxpnxclstusodc/Build/Intermediates.noindex/ArchiveIntermediates/wecatspos/IntermediateBuildFilesPath/Pods.build/Release-iphoneos/RxSwift.build/unextended-module-swiftunextension.modulemap (in target 'RxSwift' from project 'Pods')
    cd /Users/matsumoto/Work/src/wecats-pos/Pods
    write-file /Users/matsumoto/Library/Developer/Xcode/DerivedData/wecatspos-ezotaurozeulvggxpnxclstusodc/Build/Intermediates.noindex/ArchiveIntermediates/wecatspos/IntermediateBuildFilesPath/Pods.build/Release-iphoneos/RxSwift.build/unextended-module-swiftunextension.modulemap

WriteAuxiliaryFile /Users/matsumoto/Library/Developer/Xcode/DerivedData/wecatspos-ezotaurozeulvggxpnxclstusodc/Build/Intermediates.noindex/ArchiveIntermediates/wecatspos/IntermediateBuildFilesPath/Pods.build/Release-iphoneos/RxSwift.build/module-swiftextension.modulemap (in target 'RxSwift' from project 'Pods')
    cd /Users/matsumoto/Work/src/wecats-pos/Pods
    write-file /Users/matsumoto/Library/Developer/Xcode/DerivedData/wecatspos-ezotaurozeulvggxpnxclstusodc/Build/Intermediates.noindex/ArchiveIntermediates/wecatspos/IntermediateBuildFilesPath/Pods.build/Release-iphoneos/RxSwift.build/module-swiftextension.modulemap

WriteAuxiliaryFile /Users/matsumoto/Library/Developer/Xcode/DerivedData/wecatspos-ezotaurozeulvggxpnxclstusodc/Build/Intermediates.noindex/ArchiveIntermediates/wecatspos/IntermediateBuildFilesPath/Pods.build/Release-iphoneos/RxSwift.build/RxSwift.hmap (in target 'RxSwift' from project 'Pods')
    cd /Users/matsumoto/Work/src/wecats-pos/Pods
    write-file /Users/matsumoto/Library/Developer/Xcode/DerivedData/wecatspos-ezotaurozeulvggxpnxclstusodc/Build/Intermediates.noindex/ArchiveIntermediates/wecatspos/IntermediateBuildFilesPath/Pods.build/Release-iphoneos/RxSwift.build/RxSwift.hmap

WriteAuxiliaryFile /Users/matsumoto/Library/Developer/Xcode/DerivedData/wecatspos-ezotaurozeulvggxpnxclstusodc/Build/Intermediates.noindex/ArchiveIntermediates/wecatspos/IntermediateBuildFilesPath/Pods.build/Release-iphoneos/RxSwift.build/RxSwift.DependencyMetadataFileList (in target 'RxSwift' from project 'Pods')
    cd /Users/matsumoto/Work/src/wecats-pos/Pods
    write-file /Users/matsumoto/Library/Developer/Xcode/DerivedData/wecatspos-ezotaurozeulvggxpnxclstusodc/Build/Intermediates.noindex/ArchiveIntermediates/wecatspos/IntermediateBuildFilesPath/Pods.build/Release-iphoneos/RxSwift.build/RxSwift.DependencyMetadataFileList

WriteAuxiliaryFile /Users/matsumoto/Library/Developer/Xcode/DerivedData/wecatspos-ezotaurozeulvggxpnxclstusodc/Build/Intermediates.noindex/ArchiveIntermediates/wecatspos/IntermediateBuildFilesPath/Pods.build/Release-iphoneos/RxSwift.build/RxSwift.DependencyStaticMetadataFileList (in target 'RxSwift' from project 'Pods')
    cd /Users/matsumoto/Work/src/wecats-pos/Pods
    write-file /Users/matsumoto/Library/Developer/Xcode/DerivedData/wecatspos-ezotaurozeulvggxpnxclstusodc/Build/Intermediates.noindex/ArchiveIntermediates/wecatspos/IntermediateBuildFilesPath/Pods.build/Release-iphoneos/RxSwift.build/RxSwift.DependencyStaticMetadataFileList

WriteAuxiliaryFile /Users/matsumoto/Library/Developer/Xcode/DerivedData/wecatspos-ezotaurozeulvggxpnxclstusodc/Build/Intermediates.noindex/ArchiveIntermediates/wecatspos/IntermediateBuildFilesPath/Pods.build/Release-iphoneos/RxSwift.build/RxSwift-project-headers.hmap (in target 'RxSwift' from project 'Pods')
    cd /Users/matsumoto/Work/src/wecats-pos/Pods
    write-file /Users/matsumoto/Library/Developer/Xcode/DerivedData/wecatspos-ezotaurozeulvggxpnxclstusodc/Build/Intermediates.noindex/ArchiveIntermediates/wecatspos/IntermediateBuildFilesPath/Pods.build/Release-iphoneos/RxSwift.build/RxSwift-project-headers.hmap

WriteAuxiliaryFile /Users/matsumoto/Library/Developer/Xcode/DerivedData/wecatspos-ezotaurozeulvggxpnxclstusodc/Build/Intermediates.noindex/ArchiveIntermediates/wecatspos/IntermediateBuildFilesPath/Pods.build/Release-iphoneos/RxSwift.build/RxSwift-own-target-headers.hmap (in target 'RxSwift' from project 'Pods')
    cd /Users/matsumoto/Work/src/wecats-pos/Pods
    write-file /Users/matsumoto/Library/Developer/Xcode/DerivedData/wecatspos-ezotaurozeulvggxpnxclstusodc/Build/Intermediates.noindex/ArchiveIntermediates/wecatspos/IntermediateBuildFilesPath/Pods.build/Release-iphoneos/RxSwift.build/RxSwift-own-target-headers.hmap

WriteAuxiliaryFile /Users/matsumoto/Library/Developer/Xcode/DerivedData/wecatspos-ezotaurozeulvggxpnxclstusodc/Build/Intermediates.noindex/ArchiveIntermediates/wecatspos/IntermediateBuildFilesPath/Pods.build/Release-iphoneos/RxSwift.build/RxSwift-generated-files.hmap (in target 'RxSwift' from project 'Pods')
    cd /Users/matsumoto/Work/src/wecats-pos/Pods
    write-file /Users/matsumoto/Library/Developer/Xcode/DerivedData/wecatspos-ezotaurozeulvggxpnxclstusodc/Build/Intermediates.noindex/ArchiveIntermediates/wecatspos/IntermediateBuildFilesPath/Pods.build/Release-iphoneos/RxSwift.build/RxSwift-generated-files.hmap

WriteAuxiliaryFile /Users/matsumoto/Library/Developer/Xcode/DerivedData/wecatspos-ezotaurozeulvggxpnxclstusodc/Build/Intermediates.noindex/ArchiveIntermediates/wecatspos/IntermediateBuildFilesPath/Pods.build/Release-iphoneos/RxSwift.build/RxSwift-all-target-headers.hmap (in target 'RxSwift' from project 'Pods')
    cd /Users/matsumoto/Work/src/wecats-pos/Pods
    write-file /Users/matsumoto/Library/Developer/Xcode/DerivedData/wecatspos-ezotaurozeulvggxpnxclstusodc/Build/Intermediates.noindex/ArchiveIntermediates/wecatspos/IntermediateBuildFilesPath/Pods.build/Release-iphoneos/RxSwift.build/RxSwift-all-target-headers.hmap

WriteAuxiliaryFile /Users/matsumoto/Library/Developer/Xcode/DerivedData/wecatspos-ezotaurozeulvggxpnxclstusodc/Build/Intermediates.noindex/ArchiveIntermediates/wecatspos/IntermediateBuildFilesPath/Pods.build/Release-iphoneos/RxSwift.build/RxSwift-all-non-framework-target-headers.hmap (in target 'RxSwift' from project 'Pods')
    cd /Users/matsumoto/Work/src/wecats-pos/Pods
    write-file /Users/matsumoto/Library/Developer/Xcode/DerivedData/wecatspos-ezotaurozeulvggxpnxclstusodc/Build/Intermediates.noindex/ArchiveIntermediates/wecatspos/IntermediateBuildFilesPath/Pods.build/Release-iphoneos/RxSwift.build/RxSwift-all-non-framework-target-headers.hmap

WriteAuxiliaryFile /Users/matsumoto/Library/Developer/Xcode/DerivedData/wecatspos-ezotaurozeulvggxpnxclstusodc/Build/Intermediates.noindex/ArchiveIntermediates/wecatspos/IntermediateBuildFilesPath/Pods.build/Release-iphoneos/RxSwift.build/Objects-normal/arm64/e6072d4f65d7061329687fe24e3d63a7-common-args.resp (in target 'RxSwift' from project 'Pods')
    cd /Users/matsumoto/Work/src/wecats-pos/Pods
    write-file /Users/matsumoto/Library/Developer/Xcode/DerivedData/wecatspos-ezotaurozeulvggxpnxclstusodc/Build/Intermediates.noindex/ArchiveIntermediates/wecatspos/IntermediateBuildFilesPath/Pods.build/Release-iphoneos/RxSwift.build/Objects-normal/arm64/e6072d4f65d7061329687fe24e3d63a7-common-args.resp
-target arm64-apple-ios13.0 '-std=gnu11' -fobjc-arc -fobjc-weak -fmodules -gmodules '-fmodules-cache-path=/Users/matsumoto/Library/Developer/Xcode/DerivedData/ModuleCache.noindex' '-fmodule-name=RxSwift' -fapplication-extension -fpascal-strings -Os -fno-common '-DPOD_CONFIGURATION_RELEASE=1' '-DCOCOAPODS=1' '-DNS_BLOCK_ASSERTIONS=1' '-DOBJC_OLD_DISPATCH_PROTOTYPES=0' -isysroot /Applications/Xcode26.2.app/Contents/Developer/Platforms/iPhoneOS.platform/Developer/SDKs/iPhoneOS26.2.sdk -g -iquote /Users/matsumoto/Library/Developer/Xcode/DerivedData/wecatspos-ezotaurozeulvggxpnxclstusodc/Build/Intermediates.noindex/ArchiveIntermediates/wecatspos/IntermediateBuildFilesPath/Pods.build/Release-iphoneos/RxSwift.build/RxSwift-generated-files.hmap -I/Users/matsumoto/Library/Developer/Xcode/DerivedData/wecatspos-ezotaurozeulvggxpnxclstusodc/Build/Intermediates.noindex/ArchiveIntermediates/wecatspos/IntermediateBuildFilesPath/Pods.build/Release-iphoneos/RxSwift.build/RxSwift-own-target-headers.hmap -I/Users/matsumoto/Library/Developer/Xcode/DerivedData/wecatspos-ezotaurozeulvggxpnxclstusodc/Build/Intermediates.noindex/ArchiveIntermediates/wecatspos/IntermediateBuildFilesPath/Pods.build/Release-iphoneos/RxSwift.build/RxSwift-all-non-framework-target-headers.hmap -ivfsoverlay /Users/matsumoto/Library/Developer/Xcode/DerivedData/wecatspos-ezotaurozeulvggxpnxclstusodc/Build/Intermediates.noindex/ArchiveIntermediates/wecatspos/IntermediateBuildFilesPath/Pods.build/Release-iphoneos/Pods-8699adb1dd336b26511df848a716bd42-VFS-iphoneos/all-product-headers.yaml -iquote /Users/matsumoto/Library/Developer/Xcode/DerivedData/wecatspos-ezotaurozeulvggxpnxclstusodc/Build/Intermediates.noindex/ArchiveIntermediates/wecatspos/IntermediateBuildFilesPath/Pods.build/Release-iphoneos/RxSwift.build/RxSwift-project-headers.hmap -I/Users/matsumoto/Library/Developer/Xcode/DerivedData/wecatspos-ezotaurozeulvggxpnxclstusodc/Build/Intermediates.noindex/ArchiveIntermediates/wecatspos/BuildProductsPath/Release-iphoneos/RxSwift/include -I/Users/matsumoto/Library/Developer/Xcode/DerivedData/wecatspos-ezotaurozeulvggxpnxclstusodc/Build/Intermediates.noindex/ArchiveIntermediates/wecatspos/IntermediateBuildFilesPath/Pods.build/Release-iphoneos/RxSwift.build/DerivedSources-normal/arm64 -I/Users/matsumoto/Library/Developer/Xcode/DerivedData/wecatspos-ezotaurozeulvggxpnxclstusodc/Build/Intermediates.noindex/ArchiveIntermediates/wecatspos/IntermediateBuildFilesPath/Pods.build/Release-iphoneos/RxSwift.build/DerivedSources/arm64 -I/Users/matsumoto/Library/Developer/Xcode/DerivedData/wecatspos-ezotaurozeulvggxpnxclstusodc/Build/Intermediates.noindex/ArchiveIntermediates/wecatspos/IntermediateBuildFilesPath/Pods.build/Release-iphoneos/RxSwift.build/DerivedSources -F/Users/matsumoto/Library/Developer/Xcode/DerivedData/wecatspos-ezotaurozeulvggxpnxclstusodc/Build/Intermediates.noindex/ArchiveIntermediates/wecatspos/BuildProductsPath/Release-iphoneos/RxSwift

WriteAuxiliaryFile /Users/matsumoto/Library/Developer/Xcode/DerivedData/wecatspos-ezotaurozeulvggxpnxclstusodc/Build/Intermediates.noindex/ArchiveIntermediates/wecatspos/IntermediateBuildFilesPath/Pods.build/Release-iphoneos/RxSwift.build/Objects-normal/arm64/RxSwift_const_extract_protocols.json (in target 'RxSwift' from project 'Pods')
    cd /Users/matsumoto/Work/src/wecats-pos/Pods
    write-file /Users/matsumoto/Library/Developer/Xcode/DerivedData/wecatspos-ezotaurozeulvggxpnxclstusodc/Build/Intermediates.noindex/ArchiveIntermediates/wecatspos/IntermediateBuildFilesPath/Pods.build/Release-iphoneos/RxSwift.build/Objects-normal/arm64/RxSwift_const_extract_protocols.json

WriteAuxiliaryFile /Users/matsumoto/Library/Developer/Xcode/DerivedData/wecatspos-ezotaurozeulvggxpnxclstusodc/Build/Intermediates.noindex/ArchiveIntermediates/wecatspos/IntermediateBuildFilesPath/Pods.build/Release-iphoneos/RxSwift.build/Objects-normal/arm64/RxSwift.SwiftFileList (in target 'RxSwift' from project 'Pods')
    cd /Users/matsumoto/Work/src/wecats-pos/Pods
    write-file /Users/matsumoto/Library/Developer/Xcode/DerivedData/wecatspos-ezotaurozeulvggxpnxclstusodc/Build/Intermediates.noindex/ArchiveIntermediates/wecatspos/IntermediateBuildFilesPath/Pods.build/Release-iphoneos/RxSwift.build/Objects-normal/arm64/RxSwift.SwiftFileList

WriteAuxiliaryFile /Users/matsumoto/Library/Developer/Xcode/DerivedData/wecatspos-ezotaurozeulvggxpnxclstusodc/Build/Intermediates.noindex/ArchiveIntermediates/wecatspos/IntermediateBuildFilesPath/Pods.build/Release-iphoneos/RxSwift.build/Objects-normal/arm64/RxSwift.SwiftConstValuesFileList (in target 'RxSwift' from project 'Pods')
    cd /Users/matsumoto/Work/src/wecats-pos/Pods
    write-file /Users/matsumoto/Library/Developer/Xcode/DerivedData/wecatspos-ezotaurozeulvggxpnxclstusodc/Build/Intermediates.noindex/ArchiveIntermediates/wecatspos/IntermediateBuildFilesPath/Pods.build/Release-iphoneos/RxSwift.build/Objects-normal/arm64/RxSwift.SwiftConstValuesFileList

WriteAuxiliaryFile /Users/matsumoto/Library/Developer/Xcode/DerivedData/wecatspos-ezotaurozeulvggxpnxclstusodc/Build/Intermediates.noindex/ArchiveIntermediates/wecatspos/IntermediateBuildFilesPath/Pods.build/Release-iphoneos/RxSwift.build/Objects-normal/arm64/RxSwift.LinkFileList (in target 'RxSwift' from project 'Pods')
    cd /Users/matsumoto/Work/src/wecats-pos/Pods
    write-file /Users/matsumoto/Library/Developer/Xcode/DerivedData/wecatspos-ezotaurozeulvggxpnxclstusodc/Build/Intermediates.noindex/ArchiveIntermediates/wecatspos/IntermediateBuildFilesPath/Pods.build/Release-iphoneos/RxSwift.build/Objects-normal/arm64/RxSwift.LinkFileList

WriteAuxiliaryFile /Users/matsumoto/Library/Developer/Xcode/DerivedData/wecatspos-ezotaurozeulvggxpnxclstusodc/Build/Intermediates.noindex/ArchiveIntermediates/wecatspos/IntermediateBuildFilesPath/Pods.build/Release-iphoneos/RxSwift.build/Objects-normal/arm64/RxSwift-OutputFileMap.json (in target 'RxSwift' from project 'Pods')
    cd /Users/matsumoto/Work/src/wecats-pos/Pods
    write-file /Users/matsumoto/Library/Developer/Xcode/DerivedData/wecatspos-ezotaurozeulvggxpnxclstusodc/Build/Intermediates.noindex/ArchiveIntermediates/wecatspos/IntermediateBuildFilesPath/Pods.build/Release-iphoneos/RxSwift.build/Objects-normal/arm64/RxSwift-OutputFileMap.json

WriteAuxiliaryFile /Users/matsumoto/Library/Developer/Xcode/DerivedData/wecatspos-ezotaurozeulvggxpnxclstusodc/Build/Intermediates.noindex/ArchiveIntermediates/wecatspos/IntermediateBuildFilesPath/Pods.build/Release-iphoneos/RxSwift.build/Objects-normal/arm64/7187679823f38a2a940e0043cdf9d637-common-args.resp (in target 'RxSwift' from project 'Pods')
    cd /Users/matsumoto/Work/src/wecats-pos/Pods
    write-file /Users/matsumoto/Library/Developer/Xcode/DerivedData/wecatspos-ezotaurozeulvggxpnxclstusodc/Build/Intermediates.noindex/ArchiveIntermediates/wecatspos/IntermediateBuildFilesPath/Pods.build/Release-iphoneos/RxSwift.build/Objects-normal/arm64/7187679823f38a2a940e0043cdf9d637-common-args.resp
-target arm64-apple-ios13.0 '-std=gnu11' -fmodules -gmodules '-fmodules-cache-path=/Users/matsumoto/Library/Developer/Xcode/DerivedData/ModuleCache.noindex' '-fmodule-name=RxSwift' -fapplication-extension -fpascal-strings -Os -fno-common '-DPOD_CONFIGURATION_RELEASE=1' '-DCOCOAPODS=1' -isysroot /Applications/Xcode26.2.app/Contents/Developer/Platforms/iPhoneOS.platform/Developer/SDKs/iPhoneOS26.2.sdk -g -iquote /Users/matsumoto/Library/Developer/Xcode/DerivedData/wecatspos-ezotaurozeulvggxpnxclstusodc/Build/Intermediates.noindex/ArchiveIntermediates/wecatspos/IntermediateBuildFilesPath/Pods.build/Release-iphoneos/RxSwift.build/RxSwift-generated-files.hmap -I/Users/matsumoto/Library/Developer/Xcode/DerivedData/wecatspos-ezotaurozeulvggxpnxclstusodc/Build/Intermediates.noindex/ArchiveIntermediates/wecatspos/IntermediateBuildFilesPath/Pods.build/Release-iphoneos/RxSwift.build/RxSwift-own-target-headers.hmap -I/Users/matsumoto/Library/Developer/Xcode/DerivedData/wecatspos-ezotaurozeulvggxpnxclstusodc/Build/Intermediates.noindex/ArchiveIntermediates/wecatspos/IntermediateBuildFilesPath/Pods.build/Release-iphoneos/RxSwift.build/RxSwift-all-non-framework-target-headers.hmap -ivfsoverlay /Users/matsumoto/Library/Developer/Xcode/DerivedData/wecatspos-ezotaurozeulvggxpnxclstusodc/Build/Intermediates.noindex/ArchiveIntermediates/wecatspos/IntermediateBuildFilesPath/Pods.build/Release-iphoneos/Pods-8699adb1dd336b26511df848a716bd42-VFS-iphoneos/all-product-headers.yaml -iquote /Users/matsumoto/Library/Developer/Xcode/DerivedData/wecatspos-ezotaurozeulvggxpnxclstusodc/Build/Intermediates.noindex/ArchiveIntermediates/wecatspos/IntermediateBuildFilesPath/Pods.build/Release-iphoneos/RxSwift.build/RxSwift-project-headers.hmap -I/Users/matsumoto/Library/Developer/Xcode/DerivedData/wecatspos-ezotaurozeulvggxpnxclstusodc/Build/Intermediates.noindex/ArchiveIntermediates/wecatspos/BuildProductsPath/Release-iphoneos/RxSwift/include -I/Users/matsumoto/Library/Developer/Xcode/DerivedData/wecatspos-ezotaurozeulvggxpnxclstusodc/Build/Intermediates.noindex/ArchiveIntermediates/wecatspos/IntermediateBuildFilesPath/Pods.build/Release-iphoneos/RxSwift.build/DerivedSources-normal/arm64 -I/Users/matsumoto/Library/Developer/Xcode/DerivedData/wecatspos-ezotaurozeulvggxpnxclstusodc/Build/Intermediates.noindex/ArchiveIntermediates/wecatspos/IntermediateBuildFilesPath/Pods.build/Release-iphoneos/RxSwift.build/DerivedSources/arm64 -I/Users/matsumoto/Library/Developer/Xcode/DerivedData/wecatspos-ezotaurozeulvggxpnxclstusodc/Build/Intermediates.noindex/ArchiveIntermediates/wecatspos/IntermediateBuildFilesPath/Pods.build/Release-iphoneos/RxSwift.build/DerivedSources -F/Users/matsumoto/Library/Developer/Xcode/DerivedData/wecatspos-ezotaurozeulvggxpnxclstusodc/Build/Intermediates.noindex/ArchiveIntermediates/wecatspos/BuildProductsPath/Release-iphoneos/RxSwift

WriteAuxiliaryFile /Users/matsumoto/Library/Developer/Xcode/DerivedData/wecatspos-ezotaurozeulvggxpnxclstusodc/Build/Intermediates.noindex/ArchiveIntermediates/wecatspos/IntermediateBuildFilesPath/Pods.build/Release-iphoneos/RxSwift.build/DerivedSources/RxSwift_vers.c (in target 'RxSwift' from project 'Pods')
    cd /Users/matsumoto/Work/src/wecats-pos/Pods
    write-file /Users/matsumoto/Library/Developer/Xcode/DerivedData/wecatspos-ezotaurozeulvggxpnxclstusodc/Build/Intermediates.noindex/ArchiveIntermediates/wecatspos/IntermediateBuildFilesPath/Pods.build/Release-iphoneos/RxSwift.build/DerivedSources/RxSwift_vers.c

CpHeader /Users/matsumoto/Library/Developer/Xcode/DerivedData/wecatspos-ezotaurozeulvggxpnxclstusodc/Build/Intermediates.noindex/ArchiveIntermediates/wecatspos/IntermediateBuildFilesPath/UninstalledProducts/iphoneos/RxSwift.framework/Headers/RxSwift-umbrella.h /Users/matsumoto/Work/src/wecats-pos/Pods/Target\ Support\ Files/RxSwift/RxSwift-umbrella.h (in target 'RxSwift' from project 'Pods')
    cd /Users/matsumoto/Work/src/wecats-pos/Pods
    builtin-copy -exclude .DS_Store -exclude CVS -exclude .svn -exclude .git -exclude .hg -resolve-src-symlinks /Users/matsumoto/Work/src/wecats-pos/Pods/Target\ Support\ Files/RxSwift/RxSwift-umbrella.h /Users/matsumoto/Library/Developer/Xcode/DerivedData/wecatspos-ezotaurozeulvggxpnxclstusodc/Build/Intermediates.noindex/ArchiveIntermediates/wecatspos/IntermediateBuildFilesPath/UninstalledProducts/iphoneos/RxSwift.framework/Headers

Concatenate /Users/matsumoto/Library/Developer/Xcode/DerivedData/wecatspos-ezotaurozeulvggxpnxclstusodc/Build/Intermediates.noindex/ArchiveIntermediates/wecatspos/IntermediateBuildFilesPath/Pods.build/Release-iphoneos/RxSwift.build/unextended-module.modulemap /Users/matsumoto/Work/src/wecats-pos/Pods/Target\ Support\ Files/RxSwift/RxSwift.modulemap /Users/matsumoto/Library/Developer/Xcode/DerivedData/wecatspos-ezotaurozeulvggxpnxclstusodc/Build/Intermediates.noindex/ArchiveIntermediates/wecatspos/IntermediateBuildFilesPath/Pods.build/Release-iphoneos/RxSwift.build/unextended-module-swiftunextension.modulemap (in target 'RxSwift' from project 'Pods')
    cd /Users/matsumoto/Work/src/wecats-pos/Pods
    builtin-concatenate /Users/matsumoto/Library/Developer/Xcode/DerivedData/wecatspos-ezotaurozeulvggxpnxclstusodc/Build/Intermediates.noindex/ArchiveIntermediates/wecatspos/IntermediateBuildFilesPath/Pods.build/Release-iphoneos/RxSwift.build/unextended-module.modulemap /Users/matsumoto/Work/src/wecats-pos/Pods/Target\ Support\ Files/RxSwift/RxSwift.modulemap /Users/matsumoto/Library/Developer/Xcode/DerivedData/wecatspos-ezotaurozeulvggxpnxclstusodc/Build/Intermediates.noindex/ArchiveIntermediates/wecatspos/IntermediateBuildFilesPath/Pods.build/Release-iphoneos/RxSwift.build/unextended-module-swiftunextension.modulemap

Concatenate /Users/matsumoto/Library/Developer/Xcode/DerivedData/wecatspos-ezotaurozeulvggxpnxclstusodc/Build/Intermediates.noindex/ArchiveIntermediates/wecatspos/IntermediateBuildFilesPath/Pods.build/Release-iphoneos/RxSwift.build/module.modulemap /Users/matsumoto/Work/src/wecats-pos/Pods/Target\ Support\ Files/RxSwift/RxSwift.modulemap /Users/matsumoto/Library/Developer/Xcode/DerivedData/wecatspos-ezotaurozeulvggxpnxclstusodc/Build/Intermediates.noindex/ArchiveIntermediates/wecatspos/IntermediateBuildFilesPath/Pods.build/Release-iphoneos/RxSwift.build/module-swiftextension.modulemap (in target 'RxSwift' from project 'Pods')
    cd /Users/matsumoto/Work/src/wecats-pos/Pods
    builtin-concatenate /Users/matsumoto/Library/Developer/Xcode/DerivedData/wecatspos-ezotaurozeulvggxpnxclstusodc/Build/Intermediates.noindex/ArchiveIntermediates/wecatspos/IntermediateBuildFilesPath/Pods.build/Release-iphoneos/RxSwift.build/module.modulemap /Users/matsumoto/Work/src/wecats-pos/Pods/Target\ Support\ Files/RxSwift/RxSwift.modulemap /Users/matsumoto/Library/Developer/Xcode/DerivedData/wecatspos-ezotaurozeulvggxpnxclstusodc/Build/Intermediates.noindex/ArchiveIntermediates/wecatspos/IntermediateBuildFilesPath/Pods.build/Release-iphoneos/RxSwift.build/module-swiftextension.modulemap

WriteAuxiliaryFile /Users/matsumoto/Library/Developer/Xcode/DerivedData/wecatspos-ezotaurozeulvggxpnxclstusodc/Build/Intermediates.noindex/ArchiveIntermediates/wecatspos/IntermediateBuildFilesPath/Pods.build/Release-iphoneos/R.swift.Library.build/unextended-module-swiftunextension.modulemap (in target 'R.swift.Library' from project 'Pods')
    cd /Users/matsumoto/Work/src/wecats-pos/Pods
    write-file /Users/matsumoto/Library/Developer/Xcode/DerivedData/wecatspos-ezotaurozeulvggxpnxclstusodc/Build/Intermediates.noindex/ArchiveIntermediates/wecatspos/IntermediateBuildFilesPath/Pods.build/Release-iphoneos/R.swift.Library.build/unextended-module-swiftunextension.modulemap

WriteAuxiliaryFile /Users/matsumoto/Library/Developer/Xcode/DerivedData/wecatspos-ezotaurozeulvggxpnxclstusodc/Build/Intermediates.noindex/ArchiveIntermediates/wecatspos/IntermediateBuildFilesPath/Pods.build/Release-iphoneos/R.swift.Library.build/unextended-module-overlay.yaml (in target 'R.swift.Library' from project 'Pods')
    cd /Users/matsumoto/Work/src/wecats-pos/Pods
    write-file /Users/matsumoto/Library/Developer/Xcode/DerivedData/wecatspos-ezotaurozeulvggxpnxclstusodc/Build/Intermediates.noindex/ArchiveIntermediates/wecatspos/IntermediateBuildFilesPath/Pods.build/Release-iphoneos/R.swift.Library.build/unextended-module-overlay.yaml

WriteAuxiliaryFile /Users/matsumoto/Library/Developer/Xcode/DerivedData/wecatspos-ezotaurozeulvggxpnxclstusodc/Build/Intermediates.noindex/ArchiveIntermediates/wecatspos/IntermediateBuildFilesPath/Pods.build/Release-iphoneos/R.swift.Library.build/module-swiftextension.modulemap (in target 'R.swift.Library' from project 'Pods')
    cd /Users/matsumoto/Work/src/wecats-pos/Pods
    write-file /Users/matsumoto/Library/Developer/Xcode/DerivedData/wecatspos-ezotaurozeulvggxpnxclstusodc/Build/Intermediates.noindex/ArchiveIntermediates/wecatspos/IntermediateBuildFilesPath/Pods.build/Release-iphoneos/R.swift.Library.build/module-swiftextension.modulemap

WriteAuxiliaryFile /Users/matsumoto/Library/Developer/Xcode/DerivedData/wecatspos-ezotaurozeulvggxpnxclstusodc/Build/Intermediates.noindex/ArchiveIntermediates/wecatspos/IntermediateBuildFilesPath/Pods.build/Release-iphoneos/R.swift.Library.build/Rswift.hmap (in target 'R.swift.Library' from project 'Pods')
    cd /Users/matsumoto/Work/src/wecats-pos/Pods
    write-file /Users/matsumoto/Library/Developer/Xcode/DerivedData/wecatspos-ezotaurozeulvggxpnxclstusodc/Build/Intermediates.noindex/ArchiveIntermediates/wecatspos/IntermediateBuildFilesPath/Pods.build/Release-iphoneos/R.swift.Library.build/Rswift.hmap

WriteAuxiliaryFile /Users/matsumoto/Library/Developer/Xcode/DerivedData/wecatspos-ezotaurozeulvggxpnxclstusodc/Build/Intermediates.noindex/ArchiveIntermediates/wecatspos/IntermediateBuildFilesPath/Pods.build/Release-iphoneos/R.swift.Library.build/Rswift.DependencyStaticMetadataFileList (in target 'R.swift.Library' from project 'Pods')
    cd /Users/matsumoto/Work/src/wecats-pos/Pods
    write-file /Users/matsumoto/Library/Developer/Xcode/DerivedData/wecatspos-ezotaurozeulvggxpnxclstusodc/Build/Intermediates.noindex/ArchiveIntermediates/wecatspos/IntermediateBuildFilesPath/Pods.build/Release-iphoneos/R.swift.Library.build/Rswift.DependencyStaticMetadataFileList

WriteAuxiliaryFile /Users/matsumoto/Library/Developer/Xcode/DerivedData/wecatspos-ezotaurozeulvggxpnxclstusodc/Build/Intermediates.noindex/ArchiveIntermediates/wecatspos/IntermediateBuildFilesPath/Pods.build/Release-iphoneos/R.swift.Library.build/Rswift.DependencyMetadataFileList (in target 'R.swift.Library' from project 'Pods')
    cd /Users/matsumoto/Work/src/wecats-pos/Pods
    write-file /Users/matsumoto/Library/Developer/Xcode/DerivedData/wecatspos-ezotaurozeulvggxpnxclstusodc/Build/Intermediates.noindex/ArchiveIntermediates/wecatspos/IntermediateBuildFilesPath/Pods.build/Release-iphoneos/R.swift.Library.build/Rswift.DependencyMetadataFileList

WriteAuxiliaryFile /Users/matsumoto/Library/Developer/Xcode/DerivedData/wecatspos-ezotaurozeulvggxpnxclstusodc/Build/Intermediates.noindex/ArchiveIntermediates/wecatspos/IntermediateBuildFilesPath/Pods.build/Release-iphoneos/R.swift.Library.build/Rswift-project-headers.hmap (in target 'R.swift.Library' from project 'Pods')
    cd /Users/matsumoto/Work/src/wecats-pos/Pods
    write-file /Users/matsumoto/Library/Developer/Xcode/DerivedData/wecatspos-ezotaurozeulvggxpnxclstusodc/Build/Intermediates.noindex/ArchiveIntermediates/wecatspos/IntermediateBuildFilesPath/Pods.build/Release-iphoneos/R.swift.Library.build/Rswift-project-headers.hmap

WriteAuxiliaryFile /Users/matsumoto/Library/Developer/Xcode/DerivedData/wecatspos-ezotaurozeulvggxpnxclstusodc/Build/Intermediates.noindex/ArchiveIntermediates/wecatspos/IntermediateBuildFilesPath/Pods.build/Release-iphoneos/R.swift.Library.build/Rswift-own-target-headers.hmap (in target 'R.swift.Library' from project 'Pods')
    cd /Users/matsumoto/Work/src/wecats-pos/Pods
    write-file /Users/matsumoto/Library/Developer/Xcode/DerivedData/wecatspos-ezotaurozeulvggxpnxclstusodc/Build/Intermediates.noindex/ArchiveIntermediates/wecatspos/IntermediateBuildFilesPath/Pods.build/Release-iphoneos/R.swift.Library.build/Rswift-own-target-headers.hmap

Copy /Users/matsumoto/Library/Developer/Xcode/DerivedData/wecatspos-ezotaurozeulvggxpnxclstusodc/Build/Intermediates.noindex/ArchiveIntermediates/wecatspos/IntermediateBuildFilesPath/UninstalledProducts/iphoneos/RxSwift.framework/Modules/module.modulemap /Users/matsumoto/Library/Developer/Xcode/DerivedData/wecatspos-ezotaurozeulvggxpnxclstusodc/Build/Intermediates.noindex/ArchiveIntermediates/wecatspos/IntermediateBuildFilesPath/Pods.build/Release-iphoneos/RxSwift.build/module.modulemap (in target 'RxSwift' from project 'Pods')
    cd /Users/matsumoto/Work/src/wecats-pos/Pods
    builtin-copy -exclude .DS_Store -exclude CVS -exclude .svn -exclude .git -exclude .hg -resolve-src-symlinks /Users/matsumoto/Library/Developer/Xcode/DerivedData/wecatspos-ezotaurozeulvggxpnxclstusodc/Build/Intermediates.noindex/ArchiveIntermediates/wecatspos/IntermediateBuildFilesPath/Pods.build/Release-iphoneos/RxSwift.build/module.modulemap /Users/matsumoto/Library/Developer/Xcode/DerivedData/wecatspos-ezotaurozeulvggxpnxclstusodc/Build/Intermediates.noindex/ArchiveIntermediates/wecatspos/IntermediateBuildFilesPath/UninstalledProducts/iphoneos/RxSwift.framework/Modules

WriteAuxiliaryFile /Users/matsumoto/Library/Developer/Xcode/DerivedData/wecatspos-ezotaurozeulvggxpnxclstusodc/Build/Intermediates.noindex/ArchiveIntermediates/wecatspos/IntermediateBuildFilesPath/Pods.build/Release-iphoneos/R.swift.Library.build/Rswift-generated-files.hmap (in target 'R.swift.Library' from project 'Pods')
    cd /Users/matsumoto/Work/src/wecats-pos/Pods
    write-file /Users/matsumoto/Library/Developer/Xcode/DerivedData/wecatspos-ezotaurozeulvggxpnxclstusodc/Build/Intermediates.noindex/ArchiveIntermediates/wecatspos/IntermediateBuildFilesPath/Pods.build/Release-iphoneos/R.swift.Library.build/Rswift-generated-files.hmap

WriteAuxiliaryFile /Users/matsumoto/Library/Developer/Xcode/DerivedData/wecatspos-ezotaurozeulvggxpnxclstusodc/Build/Intermediates.noindex/ArchiveIntermediates/wecatspos/IntermediateBuildFilesPath/Pods.build/Release-iphoneos/R.swift.Library.build/Rswift-all-target-headers.hmap (in target 'R.swift.Library' from project 'Pods')
    cd /Users/matsumoto/Work/src/wecats-pos/Pods
    write-file /Users/matsumoto/Library/Developer/Xcode/DerivedData/wecatspos-ezotaurozeulvggxpnxclstusodc/Build/Intermediates.noindex/ArchiveIntermediates/wecatspos/IntermediateBuildFilesPath/Pods.build/Release-iphoneos/R.swift.Library.build/Rswift-all-target-headers.hmap

WriteAuxiliaryFile /Users/matsumoto/Library/Developer/Xcode/DerivedData/wecatspos-ezotaurozeulvggxpnxclstusodc/Build/Intermediates.noindex/ArchiveIntermediates/wecatspos/IntermediateBuildFilesPath/Pods.build/Release-iphoneos/R.swift.Library.build/Rswift-all-non-framework-target-headers.hmap (in target 'R.swift.Library' from project 'Pods')
    cd /Users/matsumoto/Work/src/wecats-pos/Pods
    write-file /Users/matsumoto/Library/Developer/Xcode/DerivedData/wecatspos-ezotaurozeulvggxpnxclstusodc/Build/Intermediates.noindex/ArchiveIntermediates/wecatspos/IntermediateBuildFilesPath/Pods.build/Release-iphoneos/R.swift.Library.build/Rswift-all-non-framework-target-headers.hmap

WriteAuxiliaryFile /Users/matsumoto/Library/Developer/Xcode/DerivedData/wecatspos-ezotaurozeulvggxpnxclstusodc/Build/Intermediates.noindex/ArchiveIntermediates/wecatspos/IntermediateBuildFilesPath/Pods.build/Release-iphoneos/R.swift.Library.build/Objects-normal/arm64/e6072d4f65d7061329687fe24e3d63a7-common-args.resp (in target 'R.swift.Library' from project 'Pods')
    cd /Users/matsumoto/Work/src/wecats-pos/Pods
    write-file /Users/matsumoto/Library/Developer/Xcode/DerivedData/wecatspos-ezotaurozeulvggxpnxclstusodc/Build/Intermediates.noindex/ArchiveIntermediates/wecatspos/IntermediateBuildFilesPath/Pods.build/Release-iphoneos/R.swift.Library.build/Objects-normal/arm64/e6072d4f65d7061329687fe24e3d63a7-common-args.resp
-target arm64-apple-ios13.0 '-std=gnu11' -fobjc-arc -fobjc-weak -fmodules -gmodules '-fmodules-cache-path=/Users/matsumoto/Library/Developer/Xcode/DerivedData/ModuleCache.noindex' '-fmodule-name=Rswift' -fapplication-extension -fpascal-strings -Os -fno-common '-DPOD_CONFIGURATION_RELEASE=1' '-DCOCOAPODS=1' '-DNS_BLOCK_ASSERTIONS=1' '-DOBJC_OLD_DISPATCH_PROTOTYPES=0' -isysroot /Applications/Xcode26.2.app/Contents/Developer/Platforms/iPhoneOS.platform/Developer/SDKs/iPhoneOS26.2.sdk -g -iquote /Users/matsumoto/Library/Developer/Xcode/DerivedData/wecatspos-ezotaurozeulvggxpnxclstusodc/Build/Intermediates.noindex/ArchiveIntermediates/wecatspos/IntermediateBuildFilesPath/Pods.build/Release-iphoneos/R.swift.Library.build/Rswift-generated-files.hmap -I/Users/matsumoto/Library/Developer/Xcode/DerivedData/wecatspos-ezotaurozeulvggxpnxclstusodc/Build/Intermediates.noindex/ArchiveIntermediates/wecatspos/IntermediateBuildFilesPath/Pods.build/Release-iphoneos/R.swift.Library.build/Rswift-own-target-headers.hmap -I/Users/matsumoto/Library/Developer/Xcode/DerivedData/wecatspos-ezotaurozeulvggxpnxclstusodc/Build/Intermediates.noindex/ArchiveIntermediates/wecatspos/IntermediateBuildFilesPath/Pods.build/Release-iphoneos/R.swift.Library.build/Rswift-all-non-framework-target-headers.hmap -ivfsoverlay /Users/matsumoto/Library/Developer/Xcode/DerivedData/wecatspos-ezotaurozeulvggxpnxclstusodc/Build/Intermediates.noindex/ArchiveIntermediates/wecatspos/IntermediateBuildFilesPath/Pods.build/Release-iphoneos/Pods-8699adb1dd336b26511df848a716bd42-VFS-iphoneos/all-product-headers.yaml -iquote /Users/matsumoto/Library/Developer/Xcode/DerivedData/wecatspos-ezotaurozeulvggxpnxclstusodc/Build/Intermediates.noindex/ArchiveIntermediates/wecatspos/IntermediateBuildFilesPath/Pods.build/Release-iphoneos/R.swift.Library.build/Rswift-project-headers.hmap -I/Users/matsumoto/Library/Developer/Xcode/DerivedData/wecatspos-ezotaurozeulvggxpnxclstusodc/Build/Intermediates.noindex/ArchiveIntermediates/wecatspos/BuildProductsPath/Release-iphoneos/R.swift.Library/include -I/Users/matsumoto/Library/Developer/Xcode/DerivedData/wecatspos-ezotaurozeulvggxpnxclstusodc/Build/Intermediates.noindex/ArchiveIntermediates/wecatspos/IntermediateBuildFilesPath/Pods.build/Release-iphoneos/R.swift.Library.build/DerivedSources-normal/arm64 -I/Users/matsumoto/Library/Developer/Xcode/DerivedData/wecatspos-ezotaurozeulvggxpnxclstusodc/Build/Intermediates.noindex/ArchiveIntermediates/wecatspos/IntermediateBuildFilesPath/Pods.build/Release-iphoneos/R.swift.Library.build/DerivedSources/arm64 -I/Users/matsumoto/Library/Developer/Xcode/DerivedData/wecatspos-ezotaurozeulvggxpnxclstusodc/Build/Intermediates.noindex/ArchiveIntermediates/wecatspos/IntermediateBuildFilesPath/Pods.build/Release-iphoneos/R.swift.Library.build/DerivedSources -F/Users/matsumoto/Library/Developer/Xcode/DerivedData/wecatspos-ezotaurozeulvggxpnxclstusodc/Build/Intermediates.noindex/ArchiveIntermediates/wecatspos/BuildProductsPath/Release-iphoneos/R.swift.Library

WriteAuxiliaryFile /Users/matsumoto/Library/Developer/Xcode/DerivedData/wecatspos-ezotaurozeulvggxpnxclstusodc/Build/Intermediates.noindex/ArchiveIntermediates/wecatspos/IntermediateBuildFilesPath/Pods.build/Release-iphoneos/R.swift.Library.build/Objects-normal/arm64/Rswift.SwiftFileList (in target 'R.swift.Library' from project 'Pods')
    cd /Users/matsumoto/Work/src/wecats-pos/Pods
    write-file /Users/matsumoto/Library/Developer/Xcode/DerivedData/wecatspos-ezotaurozeulvggxpnxclstusodc/Build/Intermediates.noindex/ArchiveIntermediates/wecatspos/IntermediateBuildFilesPath/Pods.build/Release-iphoneos/R.swift.Library.build/Objects-normal/arm64/Rswift.SwiftFileList

WriteAuxiliaryFile /Users/matsumoto/Library/Developer/Xcode/DerivedData/wecatspos-ezotaurozeulvggxpnxclstusodc/Build/Intermediates.noindex/ArchiveIntermediates/wecatspos/IntermediateBuildFilesPath/Pods.build/Release-iphoneos/R.swift.Library.build/Objects-normal/arm64/Rswift.SwiftConstValuesFileList (in target 'R.swift.Library' from project 'Pods')
    cd /Users/matsumoto/Work/src/wecats-pos/Pods
    write-file /Users/matsumoto/Library/Developer/Xcode/DerivedData/wecatspos-ezotaurozeulvggxpnxclstusodc/Build/Intermediates.noindex/ArchiveIntermediates/wecatspos/IntermediateBuildFilesPath/Pods.build/Release-iphoneos/R.swift.Library.build/Objects-normal/arm64/Rswift.SwiftConstValuesFileList

WriteAuxiliaryFile /Users/matsumoto/Library/Developer/Xcode/DerivedData/wecatspos-ezotaurozeulvggxpnxclstusodc/Build/Intermediates.noindex/ArchiveIntermediates/wecatspos/IntermediateBuildFilesPath/Pods.build/Release-iphoneos/R.swift.Library.build/Objects-normal/arm64/Rswift.LinkFileList (in target 'R.swift.Library' from project 'Pods')
    cd /Users/matsumoto/Work/src/wecats-pos/Pods
    write-file /Users/matsumoto/Library/Developer/Xcode/DerivedData/wecatspos-ezotaurozeulvggxpnxclstusodc/Build/Intermediates.noindex/ArchiveIntermediates/wecatspos/IntermediateBuildFilesPath/Pods.build/Release-iphoneos/R.swift.Library.build/Objects-normal/arm64/Rswift.LinkFileList

WriteAuxiliaryFile /Users/matsumoto/Library/Developer/Xcode/DerivedData/wecatspos-ezotaurozeulvggxpnxclstusodc/Build/Intermediates.noindex/ArchiveIntermediates/wecatspos/IntermediateBuildFilesPath/Pods.build/Release-iphoneos/R.swift.Library.build/Objects-normal/arm64/R.swift.Library_const_extract_protocols.json (in target 'R.swift.Library' from project 'Pods')
    cd /Users/matsumoto/Work/src/wecats-pos/Pods
    write-file /Users/matsumoto/Library/Developer/Xcode/DerivedData/wecatspos-ezotaurozeulvggxpnxclstusodc/Build/Intermediates.noindex/ArchiveIntermediates/wecatspos/IntermediateBuildFilesPath/Pods.build/Release-iphoneos/R.swift.Library.build/Objects-normal/arm64/R.swift.Library_const_extract_protocols.json

WriteAuxiliaryFile /Users/matsumoto/Library/Developer/Xcode/DerivedData/wecatspos-ezotaurozeulvggxpnxclstusodc/Build/Intermediates.noindex/ArchiveIntermediates/wecatspos/IntermediateBuildFilesPath/Pods.build/Release-iphoneos/R.swift.Library.build/Objects-normal/arm64/R.swift.Library-OutputFileMap.json (in target 'R.swift.Library' from project 'Pods')
    cd /Users/matsumoto/Work/src/wecats-pos/Pods
    write-file /Users/matsumoto/Library/Developer/Xcode/DerivedData/wecatspos-ezotaurozeulvggxpnxclstusodc/Build/Intermediates.noindex/ArchiveIntermediates/wecatspos/IntermediateBuildFilesPath/Pods.build/Release-iphoneos/R.swift.Library.build/Objects-normal/arm64/R.swift.Library-OutputFileMap.json

WriteAuxiliaryFile /Users/matsumoto/Library/Developer/Xcode/DerivedData/wecatspos-ezotaurozeulvggxpnxclstusodc/Build/Intermediates.noindex/ArchiveIntermediates/wecatspos/IntermediateBuildFilesPath/Pods.build/Release-iphoneos/R.swift.Library.build/Objects-normal/arm64/7187679823f38a2a940e0043cdf9d637-common-args.resp (in target 'R.swift.Library' from project 'Pods')
    cd /Users/matsumoto/Work/src/wecats-pos/Pods
    write-file /Users/matsumoto/Library/Developer/Xcode/DerivedData/wecatspos-ezotaurozeulvggxpnxclstusodc/Build/Intermediates.noindex/ArchiveIntermediates/wecatspos/IntermediateBuildFilesPath/Pods.build/Release-iphoneos/R.swift.Library.build/Objects-normal/arm64/7187679823f38a2a940e0043cdf9d637-common-args.resp
-target arm64-apple-ios13.0 '-std=gnu11' -fmodules -gmodules '-fmodules-cache-path=/Users/matsumoto/Library/Developer/Xcode/DerivedData/ModuleCache.noindex' '-fmodule-name=Rswift' -fapplication-extension -fpascal-strings -Os -fno-common '-DPOD_CONFIGURATION_RELEASE=1' '-DCOCOAPODS=1' -isysroot /Applications/Xcode26.2.app/Contents/Developer/Platforms/iPhoneOS.platform/Developer/SDKs/iPhoneOS26.2.sdk -g -iquote /Users/matsumoto/Library/Developer/Xcode/DerivedData/wecatspos-ezotaurozeulvggxpnxclstusodc/Build/Intermediates.noindex/ArchiveIntermediates/wecatspos/IntermediateBuildFilesPath/Pods.build/Release-iphoneos/R.swift.Library.build/Rswift-generated-files.hmap -I/Users/matsumoto/Library/Developer/Xcode/DerivedData/wecatspos-ezotaurozeulvggxpnxclstusodc/Build/Intermediates.noindex/ArchiveIntermediates/wecatspos/IntermediateBuildFilesPath/Pods.build/Release-iphoneos/R.swift.Library.build/Rswift-own-target-headers.hmap -I/Users/matsumoto/Library/Developer/Xcode/DerivedData/wecatspos-ezotaurozeulvggxpnxclstusodc/Build/Intermediates.noindex/ArchiveIntermediates/wecatspos/IntermediateBuildFilesPath/Pods.build/Release-iphoneos/R.swift.Library.build/Rswift-all-non-framework-target-headers.hmap -ivfsoverlay /Users/matsumoto/Library/Developer/Xcode/DerivedData/wecatspos-ezotaurozeulvggxpnxclstusodc/Build/Intermediates.noindex/ArchiveIntermediates/wecatspos/IntermediateBuildFilesPath/Pods.build/Release-iphoneos/Pods-8699adb1dd336b26511df848a716bd42-VFS-iphoneos/all-product-headers.yaml -iquote /Users/matsumoto/Library/Developer/Xcode/DerivedData/wecatspos-ezotaurozeulvggxpnxclstusodc/Build/Intermediates.noindex/ArchiveIntermediates/wecatspos/IntermediateBuildFilesPath/Pods.build/Release-iphoneos/R.swift.Library.build/Rswift-project-headers.hmap -I/Users/matsumoto/Library/Developer/Xcode/DerivedData/wecatspos-ezotaurozeulvggxpnxclstusodc/Build/Intermediates.noindex/ArchiveIntermediates/wecatspos/BuildProductsPath/Release-iphoneos/R.swift.Library/include -I/Users/matsumoto/Library/Developer/Xcode/DerivedData/wecatspos-ezotaurozeulvggxpnxclstusodc/Build/Intermediates.noindex/ArchiveIntermediates/wecatspos/IntermediateBuildFilesPath/Pods.build/Release-iphoneos/R.swift.Library.build/DerivedSources-normal/arm64 -I/Users/matsumoto/Library/Developer/Xcode/DerivedData/wecatspos-ezotaurozeulvggxpnxclstusodc/Build/Intermediates.noindex/ArchiveIntermediates/wecatspos/IntermediateBuildFilesPath/Pods.build/Release-iphoneos/R.swift.Library.build/DerivedSources/arm64 -I/Users/matsumoto/Library/Developer/Xcode/DerivedData/wecatspos-ezotaurozeulvggxpnxclstusodc/Build/Intermediates.noindex/ArchiveIntermediates/wecatspos/IntermediateBuildFilesPath/Pods.build/Release-iphoneos/R.swift.Library.build/DerivedSources -F/Users/matsumoto/Library/Developer/Xcode/DerivedData/wecatspos-ezotaurozeulvggxpnxclstusodc/Build/Intermediates.noindex/ArchiveIntermediates/wecatspos/BuildProductsPath/Release-iphoneos/R.swift.Library

WriteAuxiliaryFile /Users/matsumoto/Library/Developer/Xcode/DerivedData/wecatspos-ezotaurozeulvggxpnxclstusodc/Build/Intermediates.noindex/ArchiveIntermediates/wecatspos/IntermediateBuildFilesPath/Pods.build/Release-iphoneos/R.swift.Library.build/DerivedSources/Rswift_vers.c (in target 'R.swift.Library' from project 'Pods')
    cd /Users/matsumoto/Work/src/wecats-pos/Pods
    write-file /Users/matsumoto/Library/Developer/Xcode/DerivedData/wecatspos-ezotaurozeulvggxpnxclstusodc/Build/Intermediates.noindex/ArchiveIntermediates/wecatspos/IntermediateBuildFilesPath/Pods.build/Release-iphoneos/R.swift.Library.build/DerivedSources/Rswift_vers.c

CpHeader /Users/matsumoto/Library/Developer/Xcode/DerivedData/wecatspos-ezotaurozeulvggxpnxclstusodc/Build/Intermediates.noindex/ArchiveIntermediates/wecatspos/IntermediateBuildFilesPath/UninstalledProducts/iphoneos/Rswift.framework/Headers/R.swift.Library-umbrella.h /Users/matsumoto/Work/src/wecats-pos/Pods/Target\ Support\ Files/R.swift.Library/R.swift.Library-umbrella.h (in target 'R.swift.Library' from project 'Pods')
    cd /Users/matsumoto/Work/src/wecats-pos/Pods
    builtin-copy -exclude .DS_Store -exclude CVS -exclude .svn -exclude .git -exclude .hg -resolve-src-symlinks /Users/matsumoto/Work/src/wecats-pos/Pods/Target\ Support\ Files/R.swift.Library/R.swift.Library-umbrella.h /Users/matsumoto/Library/Developer/Xcode/DerivedData/wecatspos-ezotaurozeulvggxpnxclstusodc/Build/Intermediates.noindex/ArchiveIntermediates/wecatspos/IntermediateBuildFilesPath/UninstalledProducts/iphoneos/Rswift.framework/Headers

Concatenate /Users/matsumoto/Library/Developer/Xcode/DerivedData/wecatspos-ezotaurozeulvggxpnxclstusodc/Build/Intermediates.noindex/ArchiveIntermediates/wecatspos/IntermediateBuildFilesPath/Pods.build/Release-iphoneos/R.swift.Library.build/unextended-module.modulemap /Users/matsumoto/Work/src/wecats-pos/Pods/Target\ Support\ Files/R.swift.Library/R.swift.Library.modulemap /Users/matsumoto/Library/Developer/Xcode/DerivedData/wecatspos-ezotaurozeulvggxpnxclstusodc/Build/Intermediates.noindex/ArchiveIntermediates/wecatspos/IntermediateBuildFilesPath/Pods.build/Release-iphoneos/R.swift.Library.build/unextended-module-swiftunextension.modulemap (in target 'R.swift.Library' from project 'Pods')
    cd /Users/matsumoto/Work/src/wecats-pos/Pods
    builtin-concatenate /Users/matsumoto/Library/Developer/Xcode/DerivedData/wecatspos-ezotaurozeulvggxpnxclstusodc/Build/Intermediates.noindex/ArchiveIntermediates/wecatspos/IntermediateBuildFilesPath/Pods.build/Release-iphoneos/R.swift.Library.build/unextended-module.modulemap /Users/matsumoto/Work/src/wecats-pos/Pods/Target\ Support\ Files/R.swift.Library/R.swift.Library.modulemap /Users/matsumoto/Library/Developer/Xcode/DerivedData/wecatspos-ezotaurozeulvggxpnxclstusodc/Build/Intermediates.noindex/ArchiveIntermediates/wecatspos/IntermediateBuildFilesPath/Pods.build/Release-iphoneos/R.swift.Library.build/unextended-module-swiftunextension.modulemap

Concatenate /Users/matsumoto/Library/Developer/Xcode/DerivedData/wecatspos-ezotaurozeulvggxpnxclstusodc/Build/Intermediates.noindex/ArchiveIntermediates/wecatspos/IntermediateBuildFilesPath/Pods.build/Release-iphoneos/R.swift.Library.build/module.modulemap /Users/matsumoto/Work/src/wecats-pos/Pods/Target\ Support\ Files/R.swift.Library/R.swift.Library.modulemap /Users/matsumoto/Library/Developer/Xcode/DerivedData/wecatspos-ezotaurozeulvggxpnxclstusodc/Build/Intermediates.noindex/ArchiveIntermediates/wecatspos/IntermediateBuildFilesPath/Pods.build/Release-iphoneos/R.swift.Library.build/module-swiftextension.modulemap (in target 'R.swift.Library' from project 'Pods')
    cd /Users/matsumoto/Work/src/wecats-pos/Pods
    builtin-concatenate /Users/matsumoto/Library/Developer/Xcode/DerivedData/wecatspos-ezotaurozeulvggxpnxclstusodc/Build/Intermediates.noindex/ArchiveIntermediates/wecatspos/IntermediateBuildFilesPath/Pods.build/Release-iphoneos/R.swift.Library.build/module.modulemap /Users/matsumoto/Work/src/wecats-pos/Pods/Target\ Support\ Files/R.swift.Library/R.swift.Library.modulemap /Users/matsumoto/Library/Developer/Xcode/DerivedData/wecatspos-ezotaurozeulvggxpnxclstusodc/Build/Intermediates.noindex/ArchiveIntermediates/wecatspos/IntermediateBuildFilesPath/Pods.build/Release-iphoneos/R.swift.Library.build/module-swiftextension.modulemap

Copy /Users/matsumoto/Library/Developer/Xcode/DerivedData/wecatspos-ezotaurozeulvggxpnxclstusodc/Build/Intermediates.noindex/ArchiveIntermediates/wecatspos/IntermediateBuildFilesPath/UninstalledProducts/iphoneos/Pods_wecatspos.framework/Modules/module.modulemap /Users/matsumoto/Library/Developer/Xcode/DerivedData/wecatspos-ezotaurozeulvggxpnxclstusodc/Build/Intermediates.noindex/ArchiveIntermediates/wecatspos/IntermediateBuildFilesPath/Pods.build/Release-iphoneos/Pods-wecatspos.build/module.modulemap (in target 'Pods-wecatspos' from project 'Pods')
    cd /Users/matsumoto/Work/src/wecats-pos/Pods
    builtin-copy -exclude .DS_Store -exclude CVS -exclude .svn -exclude .git -exclude .hg -resolve-src-symlinks /Users/matsumoto/Library/Developer/Xcode/DerivedData/wecatspos-ezotaurozeulvggxpnxclstusodc/Build/Intermediates.noindex/ArchiveIntermediates/wecatspos/IntermediateBuildFilesPath/Pods.build/Release-iphoneos/Pods-wecatspos.build/module.modulemap /Users/matsumoto/Library/Developer/Xcode/DerivedData/wecatspos-ezotaurozeulvggxpnxclstusodc/Build/Intermediates.noindex/ArchiveIntermediates/wecatspos/IntermediateBuildFilesPath/UninstalledProducts/iphoneos/Pods_wecatspos.framework/Modules

SymLink /Users/matsumoto/Library/Developer/Xcode/DerivedData/wecatspos-ezotaurozeulvggxpnxclstusodc/Build/Intermediates.noindex/ArchiveIntermediates/wecatspos/BuildProductsPath/Release-iphoneos/RxSwift/RxSwift_Privacy.bundle ../../../IntermediateBuildFilesPath/UninstalledProducts/iphoneos/RxSwift_Privacy.bundle (in target 'RxSwift-RxSwift_Privacy' from project 'Pods')
    cd /Users/matsumoto/Work/src/wecats-pos/Pods
    /bin/ln -sfh ../../../IntermediateBuildFilesPath/UninstalledProducts/iphoneos/RxSwift_Privacy.bundle /Users/matsumoto/Library/Developer/Xcode/DerivedData/wecatspos-ezotaurozeulvggxpnxclstusodc/Build/Intermediates.noindex/ArchiveIntermediates/wecatspos/BuildProductsPath/Release-iphoneos/RxSwift/RxSwift_Privacy.bundle

MkDir /Users/matsumoto/Library/Developer/Xcode/DerivedData/wecatspos-ezotaurozeulvggxpnxclstusodc/Build/Intermediates.noindex/ArchiveIntermediates/wecatspos/IntermediateBuildFilesPath/UninstalledProducts/iphoneos/RxSwift_Privacy.bundle (in target 'RxSwift-RxSwift_Privacy' from project 'Pods')
    cd /Users/matsumoto/Work/src/wecats-pos/Pods
    /bin/mkdir -p /Users/matsumoto/Library/Developer/Xcode/DerivedData/wecatspos-ezotaurozeulvggxpnxclstusodc/Build/Intermediates.noindex/ArchiveIntermediates/wecatspos/IntermediateBuildFilesPath/UninstalledProducts/iphoneos/RxSwift_Privacy.bundle

SymLink /Users/matsumoto/Library/Developer/Xcode/DerivedData/wecatspos-ezotaurozeulvggxpnxclstusodc/Build/Intermediates.noindex/ArchiveIntermediates/wecatspos/BuildProductsPath/Release-iphoneos/RxSwift/RxSwift.framework ../../../IntermediateBuildFilesPath/UninstalledProducts/iphoneos/RxSwift.framework (in target 'RxSwift' from project 'Pods')
    cd /Users/matsumoto/Work/src/wecats-pos/Pods
    /bin/ln -sfh ../../../IntermediateBuildFilesPath/UninstalledProducts/iphoneos/RxSwift.framework /Users/matsumoto/Library/Developer/Xcode/DerivedData/wecatspos-ezotaurozeulvggxpnxclstusodc/Build/Intermediates.noindex/ArchiveIntermediates/wecatspos/BuildProductsPath/Release-iphoneos/RxSwift/RxSwift.framework

MkDir /Users/matsumoto/Library/Developer/Xcode/DerivedData/wecatspos-ezotaurozeulvggxpnxclstusodc/Build/Intermediates.noindex/ArchiveIntermediates/wecatspos/IntermediateBuildFilesPath/UninstalledProducts/iphoneos/RxSwift.framework/Headers (in target 'RxSwift' from project 'Pods')
    cd /Users/matsumoto/Work/src/wecats-pos/Pods
    /bin/mkdir -p /Users/matsumoto/Library/Developer/Xcode/DerivedData/wecatspos-ezotaurozeulvggxpnxclstusodc/Build/Intermediates.noindex/ArchiveIntermediates/wecatspos/IntermediateBuildFilesPath/UninstalledProducts/iphoneos/RxSwift.framework/Headers

MkDir /Users/matsumoto/Library/Developer/Xcode/DerivedData/wecatspos-ezotaurozeulvggxpnxclstusodc/Build/Intermediates.noindex/ArchiveIntermediates/wecatspos/IntermediateBuildFilesPath/UninstalledProducts/iphoneos/RxSwift.framework (in target 'RxSwift' from project 'Pods')
    cd /Users/matsumoto/Work/src/wecats-pos/Pods
    /bin/mkdir -p /Users/matsumoto/Library/Developer/Xcode/DerivedData/wecatspos-ezotaurozeulvggxpnxclstusodc/Build/Intermediates.noindex/ArchiveIntermediates/wecatspos/IntermediateBuildFilesPath/UninstalledProducts/iphoneos/RxSwift.framework

Copy /Users/matsumoto/Library/Developer/Xcode/DerivedData/wecatspos-ezotaurozeulvggxpnxclstusodc/Build/Intermediates.noindex/ArchiveIntermediates/wecatspos/IntermediateBuildFilesPath/UninstalledProducts/iphoneos/Rswift.framework/Modules/module.modulemap /Users/matsumoto/Library/Developer/Xcode/DerivedData/wecatspos-ezotaurozeulvggxpnxclstusodc/Build/Intermediates.noindex/ArchiveIntermediates/wecatspos/IntermediateBuildFilesPath/Pods.build/Release-iphoneos/R.swift.Library.build/module.modulemap (in target 'R.swift.Library' from project 'Pods')
    cd /Users/matsumoto/Work/src/wecats-pos/Pods
    builtin-copy -exclude .DS_Store -exclude CVS -exclude .svn -exclude .git -exclude .hg -resolve-src-symlinks /Users/matsumoto/Library/Developer/Xcode/DerivedData/wecatspos-ezotaurozeulvggxpnxclstusodc/Build/Intermediates.noindex/ArchiveIntermediates/wecatspos/IntermediateBuildFilesPath/Pods.build/Release-iphoneos/R.swift.Library.build/module.modulemap /Users/matsumoto/Library/Developer/Xcode/DerivedData/wecatspos-ezotaurozeulvggxpnxclstusodc/Build/Intermediates.noindex/ArchiveIntermediates/wecatspos/IntermediateBuildFilesPath/UninstalledProducts/iphoneos/Rswift.framework/Modules

SymLink /Users/matsumoto/Library/Developer/Xcode/DerivedData/wecatspos-ezotaurozeulvggxpnxclstusodc/Build/Intermediates.noindex/ArchiveIntermediates/wecatspos/BuildProductsPath/Release-iphoneos/R.swift.Library/Rswift.framework ../../../IntermediateBuildFilesPath/UninstalledProducts/iphoneos/Rswift.framework (in target 'R.swift.Library' from project 'Pods')
    cd /Users/matsumoto/Work/src/wecats-pos/Pods
    /bin/ln -sfh ../../../IntermediateBuildFilesPath/UninstalledProducts/iphoneos/Rswift.framework /Users/matsumoto/Library/Developer/Xcode/DerivedData/wecatspos-ezotaurozeulvggxpnxclstusodc/Build/Intermediates.noindex/ArchiveIntermediates/wecatspos/BuildProductsPath/Release-iphoneos/R.swift.Library/Rswift.framework

MkDir /Users/matsumoto/Library/Developer/Xcode/DerivedData/wecatspos-ezotaurozeulvggxpnxclstusodc/Build/Intermediates.noindex/ArchiveIntermediates/wecatspos/IntermediateBuildFilesPath/UninstalledProducts/iphoneos/Rswift.framework/Headers (in target 'R.swift.Library' from project 'Pods')
    cd /Users/matsumoto/Work/src/wecats-pos/Pods
    /bin/mkdir -p /Users/matsumoto/Library/Developer/Xcode/DerivedData/wecatspos-ezotaurozeulvggxpnxclstusodc/Build/Intermediates.noindex/ArchiveIntermediates/wecatspos/IntermediateBuildFilesPath/UninstalledProducts/iphoneos/Rswift.framework/Headers

MkDir /Users/matsumoto/Library/Developer/Xcode/DerivedData/wecatspos-ezotaurozeulvggxpnxclstusodc/Build/Intermediates.noindex/ArchiveIntermediates/wecatspos/IntermediateBuildFilesPath/UninstalledProducts/iphoneos/Rswift.framework (in target 'R.swift.Library' from project 'Pods')
    cd /Users/matsumoto/Work/src/wecats-pos/Pods
    /bin/mkdir -p /Users/matsumoto/Library/Developer/Xcode/DerivedData/wecatspos-ezotaurozeulvggxpnxclstusodc/Build/Intermediates.noindex/ArchiveIntermediates/wecatspos/IntermediateBuildFilesPath/UninstalledProducts/iphoneos/Rswift.framework

SymLink /Users/matsumoto/Library/Developer/Xcode/DerivedData/wecatspos-ezotaurozeulvggxpnxclstusodc/Build/Intermediates.noindex/ArchiveIntermediates/wecatspos/BuildProductsPath/Release-iphoneos/Pods_wecatspos.framework ../../IntermediateBuildFilesPath/UninstalledProducts/iphoneos/Pods_wecatspos.framework (in target 'Pods-wecatspos' from project 'Pods')
    cd /Users/matsumoto/Work/src/wecats-pos/Pods
    /bin/ln -sfh ../../IntermediateBuildFilesPath/UninstalledProducts/iphoneos/Pods_wecatspos.framework /Users/matsumoto/Library/Developer/Xcode/DerivedData/wecatspos-ezotaurozeulvggxpnxclstusodc/Build/Intermediates.noindex/ArchiveIntermediates/wecatspos/BuildProductsPath/Release-iphoneos/Pods_wecatspos.framework

MkDir /Users/matsumoto/Library/Developer/Xcode/DerivedData/wecatspos-ezotaurozeulvggxpnxclstusodc/Build/Intermediates.noindex/ArchiveIntermediates/wecatspos/IntermediateBuildFilesPath/UninstalledProducts/iphoneos/Pods_wecatspos.framework/Headers (in target 'Pods-wecatspos' from project 'Pods')
    cd /Users/matsumoto/Work/src/wecats-pos/Pods
    /bin/mkdir -p /Users/matsumoto/Library/Developer/Xcode/DerivedData/wecatspos-ezotaurozeulvggxpnxclstusodc/Build/Intermediates.noindex/ArchiveIntermediates/wecatspos/IntermediateBuildFilesPath/UninstalledProducts/iphoneos/Pods_wecatspos.framework/Headers

MkDir /Users/matsumoto/Library/Developer/Xcode/DerivedData/wecatspos-ezotaurozeulvggxpnxclstusodc/Build/Intermediates.noindex/ArchiveIntermediates/wecatspos/IntermediateBuildFilesPath/UninstalledProducts/iphoneos/Pods_wecatspos.framework (in target 'Pods-wecatspos' from project 'Pods')
    cd /Users/matsumoto/Work/src/wecats-pos/Pods
    /bin/mkdir -p /Users/matsumoto/Library/Developer/Xcode/DerivedData/wecatspos-ezotaurozeulvggxpnxclstusodc/Build/Intermediates.noindex/ArchiveIntermediates/wecatspos/IntermediateBuildFilesPath/UninstalledProducts/iphoneos/Pods_wecatspos.framework

WriteAuxiliaryFile /Users/matsumoto/Library/Developer/Xcode/DerivedData/wecatspos-ezotaurozeulvggxpnxclstusodc/Build/Intermediates.noindex/ArchiveIntermediates/wecatspos/IntermediateBuildFilesPath/Pods.build/Release-iphoneos/Moya.build/unextended-module-swiftunextension.modulemap (in target 'Moya' from project 'Pods')
    cd /Users/matsumoto/Work/src/wecats-pos/Pods
    write-file /Users/matsumoto/Library/Developer/Xcode/DerivedData/wecatspos-ezotaurozeulvggxpnxclstusodc/Build/Intermediates.noindex/ArchiveIntermediates/wecatspos/IntermediateBuildFilesPath/Pods.build/Release-iphoneos/Moya.build/unextended-module-swiftunextension.modulemap

WriteAuxiliaryFile /Users/matsumoto/Library/Developer/Xcode/DerivedData/wecatspos-ezotaurozeulvggxpnxclstusodc/Build/Intermediates.noindex/ArchiveIntermediates/wecatspos/IntermediateBuildFilesPath/Pods.build/Release-iphoneos/Moya.build/unextended-module-overlay.yaml (in target 'Moya' from project 'Pods')
    cd /Users/matsumoto/Work/src/wecats-pos/Pods
    write-file /Users/matsumoto/Library/Developer/Xcode/DerivedData/wecatspos-ezotaurozeulvggxpnxclstusodc/Build/Intermediates.noindex/ArchiveIntermediates/wecatspos/IntermediateBuildFilesPath/Pods.build/Release-iphoneos/Moya.build/unextended-module-overlay.yaml

WriteAuxiliaryFile /Users/matsumoto/Library/Developer/Xcode/DerivedData/wecatspos-ezotaurozeulvggxpnxclstusodc/Build/Intermediates.noindex/ArchiveIntermediates/wecatspos/IntermediateBuildFilesPath/Pods.build/Release-iphoneos/Moya.build/module-swiftextension.modulemap (in target 'Moya' from project 'Pods')
    cd /Users/matsumoto/Work/src/wecats-pos/Pods
    write-file /Users/matsumoto/Library/Developer/Xcode/DerivedData/wecatspos-ezotaurozeulvggxpnxclstusodc/Build/Intermediates.noindex/ArchiveIntermediates/wecatspos/IntermediateBuildFilesPath/Pods.build/Release-iphoneos/Moya.build/module-swiftextension.modulemap

WriteAuxiliaryFile /Users/matsumoto/Library/Developer/Xcode/DerivedData/wecatspos-ezotaurozeulvggxpnxclstusodc/Build/Intermediates.noindex/ArchiveIntermediates/wecatspos/IntermediateBuildFilesPath/Pods.build/Release-iphoneos/Moya.build/Objects-normal/arm64/Moya.SwiftFileList (in target 'Moya' from project 'Pods')
    cd /Users/matsumoto/Work/src/wecats-pos/Pods
    write-file /Users/matsumoto/Library/Developer/Xcode/DerivedData/wecatspos-ezotaurozeulvggxpnxclstusodc/Build/Intermediates.noindex/ArchiveIntermediates/wecatspos/IntermediateBuildFilesPath/Pods.build/Release-iphoneos/Moya.build/Objects-normal/arm64/Moya.SwiftFileList

WriteAuxiliaryFile /Users/matsumoto/Library/Developer/Xcode/DerivedData/wecatspos-ezotaurozeulvggxpnxclstusodc/Build/Intermediates.noindex/ArchiveIntermediates/wecatspos/IntermediateBuildFilesPath/Pods.build/Release-iphoneos/Moya.build/Objects-normal/arm64/e6072d4f65d7061329687fe24e3d63a7-common-args.resp (in target 'Moya' from project 'Pods')
    cd /Users/matsumoto/Work/src/wecats-pos/Pods
    write-file /Users/matsumoto/Library/Developer/Xcode/DerivedData/wecatspos-ezotaurozeulvggxpnxclstusodc/Build/Intermediates.noindex/ArchiveIntermediates/wecatspos/IntermediateBuildFilesPath/Pods.build/Release-iphoneos/Moya.build/Objects-normal/arm64/e6072d4f65d7061329687fe24e3d63a7-common-args.resp
-target arm64-apple-ios13.0 '-std=gnu11' -fobjc-arc -fmodules -gmodules '-fmodules-cache-path=/Users/matsumoto/Library/Developer/Xcode/DerivedData/ModuleCache.noindex' '-fmodule-name=Moya' -fpascal-strings -Os -fno-common '-DPOD_CONFIGURATION_RELEASE=1' '-DCOCOAPODS=1' '-DNS_BLOCK_ASSERTIONS=1' '-DOBJC_OLD_DISPATCH_PROTOTYPES=0' -isysroot /Applications/Xcode26.2.app/Contents/Developer/Platforms/iPhoneOS.platform/Developer/SDKs/iPhoneOS26.2.sdk -g -iquote /Users/matsumoto/Library/Developer/Xcode/DerivedData/wecatspos-ezotaurozeulvggxpnxclstusodc/Build/Intermediates.noindex/ArchiveIntermediates/wecatspos/IntermediateBuildFilesPath/Pods.build/Release-iphoneos/Moya.build/Moya-generated-files.hmap -I/Users/matsumoto/Library/Developer/Xcode/DerivedData/wecatspos-ezotaurozeulvggxpnxclstusodc/Build/Intermediates.noindex/ArchiveIntermediates/wecatspos/IntermediateBuildFilesPath/Pods.build/Release-iphoneos/Moya.build/Moya-own-target-headers.hmap -I/Users/matsumoto/Library/Developer/Xcode/DerivedData/wecatspos-ezotaurozeulvggxpnxclstusodc/Build/Intermediates.noindex/ArchiveIntermediates/wecatspos/IntermediateBuildFilesPath/Pods.build/Release-iphoneos/Moya.build/Moya-all-non-framework-target-headers.hmap -ivfsoverlay /Users/matsumoto/Library/Developer/Xcode/DerivedData/wecatspos-ezotaurozeulvggxpnxclstusodc/Build/Intermediates.noindex/ArchiveIntermediates/wecatspos/IntermediateBuildFilesPath/Pods.build/Release-iphoneos/Pods-8699adb1dd336b26511df848a716bd42-VFS-iphoneos/all-product-headers.yaml -iquote /Users/matsumoto/Library/Developer/Xcode/DerivedData/wecatspos-ezotaurozeulvggxpnxclstusodc/Build/Intermediates.noindex/ArchiveIntermediates/wecatspos/IntermediateBuildFilesPath/Pods.build/Release-iphoneos/Moya.build/Moya-project-headers.hmap -I/Users/matsumoto/Library/Developer/Xcode/DerivedData/wecatspos-ezotaurozeulvggxpnxclstusodc/Build/Intermediates.noindex/ArchiveIntermediates/wecatspos/BuildProductsPath/Release-iphoneos/Moya/include -I/Users/matsumoto/Library/Developer/Xcode/DerivedData/wecatspos-ezotaurozeulvggxpnxclstusodc/Build/Intermediates.noindex/ArchiveIntermediates/wecatspos/IntermediateBuildFilesPath/Pods.build/Release-iphoneos/Moya.build/DerivedSources-normal/arm64 -I/Users/matsumoto/Library/Developer/Xcode/DerivedData/wecatspos-ezotaurozeulvggxpnxclstusodc/Build/Intermediates.noindex/ArchiveIntermediates/wecatspos/IntermediateBuildFilesPath/Pods.build/Release-iphoneos/Moya.build/DerivedSources/arm64 -I/Users/matsumoto/Library/Developer/Xcode/DerivedData/wecatspos-ezotaurozeulvggxpnxclstusodc/Build/Intermediates.noindex/ArchiveIntermediates/wecatspos/IntermediateBuildFilesPath/Pods.build/Release-iphoneos/Moya.build/DerivedSources -F/Users/matsumoto/Library/Developer/Xcode/DerivedData/wecatspos-ezotaurozeulvggxpnxclstusodc/Build/Intermediates.noindex/ArchiveIntermediates/wecatspos/BuildProductsPath/Release-iphoneos/Moya -F/Users/matsumoto/Library/Developer/Xcode/DerivedData/wecatspos-ezotaurozeulvggxpnxclstusodc/Build/Intermediates.noindex/ArchiveIntermediates/wecatspos/BuildProductsPath/Release-iphoneos/Alamofire -F/Users/matsumoto/Library/Developer/Xcode/DerivedData/wecatspos-ezotaurozeulvggxpnxclstusodc/Build/Intermediates.noindex/ArchiveIntermediates/wecatspos/BuildProductsPath/Release-iphoneos/RxSwift

WriteAuxiliaryFile /Users/matsumoto/Library/Developer/Xcode/DerivedData/wecatspos-ezotaurozeulvggxpnxclstusodc/Build/Intermediates.noindex/ArchiveIntermediates/wecatspos/IntermediateBuildFilesPath/Pods.build/Release-iphoneos/Moya.build/Objects-normal/arm64/Moya_const_extract_protocols.json (in target 'Moya' from project 'Pods')
    cd /Users/matsumoto/Work/src/wecats-pos/Pods
    write-file /Users/matsumoto/Library/Developer/Xcode/DerivedData/wecatspos-ezotaurozeulvggxpnxclstusodc/Build/Intermediates.noindex/ArchiveIntermediates/wecatspos/IntermediateBuildFilesPath/Pods.build/Release-iphoneos/Moya.build/Objects-normal/arm64/Moya_const_extract_protocols.json

WriteAuxiliaryFile /Users/matsumoto/Library/Developer/Xcode/DerivedData/wecatspos-ezotaurozeulvggxpnxclstusodc/Build/Intermediates.noindex/ArchiveIntermediates/wecatspos/IntermediateBuildFilesPath/Pods.build/Release-iphoneos/Moya.build/Objects-normal/arm64/Moya.SwiftConstValuesFileList (in target 'Moya' from project 'Pods')
    cd /Users/matsumoto/Work/src/wecats-pos/Pods
    write-file /Users/matsumoto/Library/Developer/Xcode/DerivedData/wecatspos-ezotaurozeulvggxpnxclstusodc/Build/Intermediates.noindex/ArchiveIntermediates/wecatspos/IntermediateBuildFilesPath/Pods.build/Release-iphoneos/Moya.build/Objects-normal/arm64/Moya.SwiftConstValuesFileList

WriteAuxiliaryFile /Users/matsumoto/Library/Developer/Xcode/DerivedData/wecatspos-ezotaurozeulvggxpnxclstusodc/Build/Intermediates.noindex/ArchiveIntermediates/wecatspos/IntermediateBuildFilesPath/Pods.build/Release-iphoneos/Moya.build/Objects-normal/arm64/Moya.LinkFileList (in target 'Moya' from project 'Pods')
    cd /Users/matsumoto/Work/src/wecats-pos/Pods
    write-file /Users/matsumoto/Library/Developer/Xcode/DerivedData/wecatspos-ezotaurozeulvggxpnxclstusodc/Build/Intermediates.noindex/ArchiveIntermediates/wecatspos/IntermediateBuildFilesPath/Pods.build/Release-iphoneos/Moya.build/Objects-normal/arm64/Moya.LinkFileList

WriteAuxiliaryFile /Users/matsumoto/Library/Developer/Xcode/DerivedData/wecatspos-ezotaurozeulvggxpnxclstusodc/Build/Intermediates.noindex/ArchiveIntermediates/wecatspos/IntermediateBuildFilesPath/Pods.build/Release-iphoneos/Moya.build/Objects-normal/arm64/Moya-OutputFileMap.json (in target 'Moya' from project 'Pods')
    cd /Users/matsumoto/Work/src/wecats-pos/Pods
    write-file /Users/matsumoto/Library/Developer/Xcode/DerivedData/wecatspos-ezotaurozeulvggxpnxclstusodc/Build/Intermediates.noindex/ArchiveIntermediates/wecatspos/IntermediateBuildFilesPath/Pods.build/Release-iphoneos/Moya.build/Objects-normal/arm64/Moya-OutputFileMap.json

WriteAuxiliaryFile /Users/matsumoto/Library/Developer/Xcode/DerivedData/wecatspos-ezotaurozeulvggxpnxclstusodc/Build/Intermediates.noindex/ArchiveIntermediates/wecatspos/IntermediateBuildFilesPath/Pods.build/Release-iphoneos/Moya.build/Objects-normal/arm64/7187679823f38a2a940e0043cdf9d637-common-args.resp (in target 'Moya' from project 'Pods')
    cd /Users/matsumoto/Work/src/wecats-pos/Pods
    write-file /Users/matsumoto/Library/Developer/Xcode/DerivedData/wecatspos-ezotaurozeulvggxpnxclstusodc/Build/Intermediates.noindex/ArchiveIntermediates/wecatspos/IntermediateBuildFilesPath/Pods.build/Release-iphoneos/Moya.build/Objects-normal/arm64/7187679823f38a2a940e0043cdf9d637-common-args.resp
-target arm64-apple-ios13.0 '-std=gnu11' -fmodules -gmodules '-fmodules-cache-path=/Users/matsumoto/Library/Developer/Xcode/DerivedData/ModuleCache.noindex' '-fmodule-name=Moya' -fpascal-strings -Os -fno-common '-DPOD_CONFIGURATION_RELEASE=1' '-DCOCOAPODS=1' -isysroot /Applications/Xcode26.2.app/Contents/Developer/Platforms/iPhoneOS.platform/Developer/SDKs/iPhoneOS26.2.sdk -g -iquote /Users/matsumoto/Library/Developer/Xcode/DerivedData/wecatspos-ezotaurozeulvggxpnxclstusodc/Build/Intermediates.noindex/ArchiveIntermediates/wecatspos/IntermediateBuildFilesPath/Pods.build/Release-iphoneos/Moya.build/Moya-generated-files.hmap -I/Users/matsumoto/Library/Developer/Xcode/DerivedData/wecatspos-ezotaurozeulvggxpnxclstusodc/Build/Intermediates.noindex/ArchiveIntermediates/wecatspos/IntermediateBuildFilesPath/Pods.build/Release-iphoneos/Moya.build/Moya-own-target-headers.hmap -I/Users/matsumoto/Library/Developer/Xcode/DerivedData/wecatspos-ezotaurozeulvggxpnxclstusodc/Build/Intermediates.noindex/ArchiveIntermediates/wecatspos/IntermediateBuildFilesPath/Pods.build/Release-iphoneos/Moya.build/Moya-all-non-framework-target-headers.hmap -ivfsoverlay /Users/matsumoto/Library/Developer/Xcode/DerivedData/wecatspos-ezotaurozeulvggxpnxclstusodc/Build/Intermediates.noindex/ArchiveIntermediates/wecatspos/IntermediateBuildFilesPath/Pods.build/Release-iphoneos/Pods-8699adb1dd336b26511df848a716bd42-VFS-iphoneos/all-product-headers.yaml -iquote /Users/matsumoto/Library/Developer/Xcode/DerivedData/wecatspos-ezotaurozeulvggxpnxclstusodc/Build/Intermediates.noindex/ArchiveIntermediates/wecatspos/IntermediateBuildFilesPath/Pods.build/Release-iphoneos/Moya.build/Moya-project-headers.hmap -I/Users/matsumoto/Library/Developer/Xcode/DerivedData/wecatspos-ezotaurozeulvggxpnxclstusodc/Build/Intermediates.noindex/ArchiveIntermediates/wecatspos/BuildProductsPath/Release-iphoneos/Moya/include -I/Users/matsumoto/Library/Developer/Xcode/DerivedData/wecatspos-ezotaurozeulvggxpnxclstusodc/Build/Intermediates.noindex/ArchiveIntermediates/wecatspos/IntermediateBuildFilesPath/Pods.build/Release-iphoneos/Moya.build/DerivedSources-normal/arm64 -I/Users/matsumoto/Library/Developer/Xcode/DerivedData/wecatspos-ezotaurozeulvggxpnxclstusodc/Build/Intermediates.noindex/ArchiveIntermediates/wecatspos/IntermediateBuildFilesPath/Pods.build/Release-iphoneos/Moya.build/DerivedSources/arm64 -I/Users/matsumoto/Library/Developer/Xcode/DerivedData/wecatspos-ezotaurozeulvggxpnxclstusodc/Build/Intermediates.noindex/ArchiveIntermediates/wecatspos/IntermediateBuildFilesPath/Pods.build/Release-iphoneos/Moya.build/DerivedSources -F/Users/matsumoto/Library/Developer/Xcode/DerivedData/wecatspos-ezotaurozeulvggxpnxclstusodc/Build/Intermediates.noindex/ArchiveIntermediates/wecatspos/BuildProductsPath/Release-iphoneos/Moya -F/Users/matsumoto/Library/Developer/Xcode/DerivedData/wecatspos-ezotaurozeulvggxpnxclstusodc/Build/Intermediates.noindex/ArchiveIntermediates/wecatspos/BuildProductsPath/Release-iphoneos/Alamofire -F/Users/matsumoto/Library/Developer/Xcode/DerivedData/wecatspos-ezotaurozeulvggxpnxclstusodc/Build/Intermediates.noindex/ArchiveIntermediates/wecatspos/BuildProductsPath/Release-iphoneos/RxSwift

WriteAuxiliaryFile /Users/matsumoto/Library/Developer/Xcode/DerivedData/wecatspos-ezotaurozeulvggxpnxclstusodc/Build/Intermediates.noindex/ArchiveIntermediates/wecatspos/IntermediateBuildFilesPath/Pods.build/Release-iphoneos/Moya.build/Moya.hmap (in target 'Moya' from project 'Pods')
    cd /Users/matsumoto/Work/src/wecats-pos/Pods
    write-file /Users/matsumoto/Library/Developer/Xcode/DerivedData/wecatspos-ezotaurozeulvggxpnxclstusodc/Build/Intermediates.noindex/ArchiveIntermediates/wecatspos/IntermediateBuildFilesPath/Pods.build/Release-iphoneos/Moya.build/Moya.hmap

WriteAuxiliaryFile /Users/matsumoto/Library/Developer/Xcode/DerivedData/wecatspos-ezotaurozeulvggxpnxclstusodc/Build/Intermediates.noindex/ArchiveIntermediates/wecatspos/IntermediateBuildFilesPath/Pods.build/Release-iphoneos/Moya.build/Moya.DependencyStaticMetadataFileList (in target 'Moya' from project 'Pods')
    cd /Users/matsumoto/Work/src/wecats-pos/Pods
    write-file /Users/matsumoto/Library/Developer/Xcode/DerivedData/wecatspos-ezotaurozeulvggxpnxclstusodc/Build/Intermediates.noindex/ArchiveIntermediates/wecatspos/IntermediateBuildFilesPath/Pods.build/Release-iphoneos/Moya.build/Moya.DependencyStaticMetadataFileList

WriteAuxiliaryFile /Users/matsumoto/Library/Developer/Xcode/DerivedData/wecatspos-ezotaurozeulvggxpnxclstusodc/Build/Intermediates.noindex/ArchiveIntermediates/wecatspos/IntermediateBuildFilesPath/Pods.build/Release-iphoneos/Moya.build/Moya.DependencyMetadataFileList (in target 'Moya' from project 'Pods')
    cd /Users/matsumoto/Work/src/wecats-pos/Pods
    write-file /Users/matsumoto/Library/Developer/Xcode/DerivedData/wecatspos-ezotaurozeulvggxpnxclstusodc/Build/Intermediates.noindex/ArchiveIntermediates/wecatspos/IntermediateBuildFilesPath/Pods.build/Release-iphoneos/Moya.build/Moya.DependencyMetadataFileList

WriteAuxiliaryFile /Users/matsumoto/Library/Developer/Xcode/DerivedData/wecatspos-ezotaurozeulvggxpnxclstusodc/Build/Intermediates.noindex/ArchiveIntermediates/wecatspos/IntermediateBuildFilesPath/Pods.build/Release-iphoneos/Moya.build/Moya-project-headers.hmap (in target 'Moya' from project 'Pods')
    cd /Users/matsumoto/Work/src/wecats-pos/Pods
    write-file /Users/matsumoto/Library/Developer/Xcode/DerivedData/wecatspos-ezotaurozeulvggxpnxclstusodc/Build/Intermediates.noindex/ArchiveIntermediates/wecatspos/IntermediateBuildFilesPath/Pods.build/Release-iphoneos/Moya.build/Moya-project-headers.hmap

WriteAuxiliaryFile /Users/matsumoto/Library/Developer/Xcode/DerivedData/wecatspos-ezotaurozeulvggxpnxclstusodc/Build/Intermediates.noindex/ArchiveIntermediates/wecatspos/IntermediateBuildFilesPath/Pods.build/Release-iphoneos/Moya.build/Moya-own-target-headers.hmap (in target 'Moya' from project 'Pods')
    cd /Users/matsumoto/Work/src/wecats-pos/Pods
    write-file /Users/matsumoto/Library/Developer/Xcode/DerivedData/wecatspos-ezotaurozeulvggxpnxclstusodc/Build/Intermediates.noindex/ArchiveIntermediates/wecatspos/IntermediateBuildFilesPath/Pods.build/Release-iphoneos/Moya.build/Moya-own-target-headers.hmap

WriteAuxiliaryFile /Users/matsumoto/Library/Developer/Xcode/DerivedData/wecatspos-ezotaurozeulvggxpnxclstusodc/Build/Intermediates.noindex/ArchiveIntermediates/wecatspos/IntermediateBuildFilesPath/Pods.build/Release-iphoneos/Moya.build/Moya-generated-files.hmap (in target 'Moya' from project 'Pods')
    cd /Users/matsumoto/Work/src/wecats-pos/Pods
    write-file /Users/matsumoto/Library/Developer/Xcode/DerivedData/wecatspos-ezotaurozeulvggxpnxclstusodc/Build/Intermediates.noindex/ArchiveIntermediates/wecatspos/IntermediateBuildFilesPath/Pods.build/Release-iphoneos/Moya.build/Moya-generated-files.hmap

WriteAuxiliaryFile /Users/matsumoto/Library/Developer/Xcode/DerivedData/wecatspos-ezotaurozeulvggxpnxclstusodc/Build/Intermediates.noindex/ArchiveIntermediates/wecatspos/IntermediateBuildFilesPath/Pods.build/Release-iphoneos/Moya.build/Moya-all-target-headers.hmap (in target 'Moya' from project 'Pods')
    cd /Users/matsumoto/Work/src/wecats-pos/Pods
    write-file /Users/matsumoto/Library/Developer/Xcode/DerivedData/wecatspos-ezotaurozeulvggxpnxclstusodc/Build/Intermediates.noindex/ArchiveIntermediates/wecatspos/IntermediateBuildFilesPath/Pods.build/Release-iphoneos/Moya.build/Moya-all-target-headers.hmap

WriteAuxiliaryFile /Users/matsumoto/Library/Developer/Xcode/DerivedData/wecatspos-ezotaurozeulvggxpnxclstusodc/Build/Intermediates.noindex/ArchiveIntermediates/wecatspos/IntermediateBuildFilesPath/Pods.build/Release-iphoneos/Moya.build/Moya-all-non-framework-target-headers.hmap (in target 'Moya' from project 'Pods')
    cd /Users/matsumoto/Work/src/wecats-pos/Pods
    write-file /Users/matsumoto/Library/Developer/Xcode/DerivedData/wecatspos-ezotaurozeulvggxpnxclstusodc/Build/Intermediates.noindex/ArchiveIntermediates/wecatspos/IntermediateBuildFilesPath/Pods.build/Release-iphoneos/Moya.build/Moya-all-non-framework-target-headers.hmap

WriteAuxiliaryFile /Users/matsumoto/Library/Developer/Xcode/DerivedData/wecatspos-ezotaurozeulvggxpnxclstusodc/Build/Intermediates.noindex/ArchiveIntermediates/wecatspos/IntermediateBuildFilesPath/Pods.build/Release-iphoneos/Moya.build/DerivedSources/Moya_vers.c (in target 'Moya' from project 'Pods')
    cd /Users/matsumoto/Work/src/wecats-pos/Pods
    write-file /Users/matsumoto/Library/Developer/Xcode/DerivedData/wecatspos-ezotaurozeulvggxpnxclstusodc/Build/Intermediates.noindex/ArchiveIntermediates/wecatspos/IntermediateBuildFilesPath/Pods.build/Release-iphoneos/Moya.build/DerivedSources/Moya_vers.c

CpHeader /Users/matsumoto/Library/Developer/Xcode/DerivedData/wecatspos-ezotaurozeulvggxpnxclstusodc/Build/Intermediates.noindex/ArchiveIntermediates/wecatspos/IntermediateBuildFilesPath/UninstalledProducts/iphoneos/Moya.framework/Headers/Moya-umbrella.h /Users/matsumoto/Work/src/wecats-pos/Pods/Target\ Support\ Files/Moya/Moya-umbrella.h (in target 'Moya' from project 'Pods')
    cd /Users/matsumoto/Work/src/wecats-pos/Pods
    builtin-copy -exclude .DS_Store -exclude CVS -exclude .svn -exclude .git -exclude .hg -resolve-src-symlinks /Users/matsumoto/Work/src/wecats-pos/Pods/Target\ Support\ Files/Moya/Moya-umbrella.h /Users/matsumoto/Library/Developer/Xcode/DerivedData/wecatspos-ezotaurozeulvggxpnxclstusodc/Build/Intermediates.noindex/ArchiveIntermediates/wecatspos/IntermediateBuildFilesPath/UninstalledProducts/iphoneos/Moya.framework/Headers

Concatenate /Users/matsumoto/Library/Developer/Xcode/DerivedData/wecatspos-ezotaurozeulvggxpnxclstusodc/Build/Intermediates.noindex/ArchiveIntermediates/wecatspos/IntermediateBuildFilesPath/Pods.build/Release-iphoneos/Moya.build/unextended-module.modulemap /Users/matsumoto/Work/src/wecats-pos/Pods/Target\ Support\ Files/Moya/Moya.modulemap /Users/matsumoto/Library/Developer/Xcode/DerivedData/wecatspos-ezotaurozeulvggxpnxclstusodc/Build/Intermediates.noindex/ArchiveIntermediates/wecatspos/IntermediateBuildFilesPath/Pods.build/Release-iphoneos/Moya.build/unextended-module-swiftunextension.modulemap (in target 'Moya' from project 'Pods')
    cd /Users/matsumoto/Work/src/wecats-pos/Pods
    builtin-concatenate /Users/matsumoto/Library/Developer/Xcode/DerivedData/wecatspos-ezotaurozeulvggxpnxclstusodc/Build/Intermediates.noindex/ArchiveIntermediates/wecatspos/IntermediateBuildFilesPath/Pods.build/Release-iphoneos/Moya.build/unextended-module.modulemap /Users/matsumoto/Work/src/wecats-pos/Pods/Target\ Support\ Files/Moya/Moya.modulemap /Users/matsumoto/Library/Developer/Xcode/DerivedData/wecatspos-ezotaurozeulvggxpnxclstusodc/Build/Intermediates.noindex/ArchiveIntermediates/wecatspos/IntermediateBuildFilesPath/Pods.build/Release-iphoneos/Moya.build/unextended-module-swiftunextension.modulemap

Concatenate /Users/matsumoto/Library/Developer/Xcode/DerivedData/wecatspos-ezotaurozeulvggxpnxclstusodc/Build/Intermediates.noindex/ArchiveIntermediates/wecatspos/IntermediateBuildFilesPath/Pods.build/Release-iphoneos/Moya.build/module.modulemap /Users/matsumoto/Work/src/wecats-pos/Pods/Target\ Support\ Files/Moya/Moya.modulemap /Users/matsumoto/Library/Developer/Xcode/DerivedData/wecatspos-ezotaurozeulvggxpnxclstusodc/Build/Intermediates.noindex/ArchiveIntermediates/wecatspos/IntermediateBuildFilesPath/Pods.build/Release-iphoneos/Moya.build/module-swiftextension.modulemap (in target 'Moya' from project 'Pods')
    cd /Users/matsumoto/Work/src/wecats-pos/Pods
    builtin-concatenate /Users/matsumoto/Library/Developer/Xcode/DerivedData/wecatspos-ezotaurozeulvggxpnxclstusodc/Build/Intermediates.noindex/ArchiveIntermediates/wecatspos/IntermediateBuildFilesPath/Pods.build/Release-iphoneos/Moya.build/module.modulemap /Users/matsumoto/Work/src/wecats-pos/Pods/Target\ Support\ Files/Moya/Moya.modulemap /Users/matsumoto/Library/Developer/Xcode/DerivedData/wecatspos-ezotaurozeulvggxpnxclstusodc/Build/Intermediates.noindex/ArchiveIntermediates/wecatspos/IntermediateBuildFilesPath/Pods.build/Release-iphoneos/Moya.build/module-swiftextension.modulemap

WriteAuxiliaryFile /Users/matsumoto/Library/Developer/Xcode/DerivedData/wecatspos-ezotaurozeulvggxpnxclstusodc/Build/Intermediates.noindex/ArchiveIntermediates/wecatspos/IntermediateBuildFilesPath/Pods.build/Release-iphoneos/HolidayJp.build/unextended-module-overlay.yaml (in target 'HolidayJp' from project 'Pods')
    cd /Users/matsumoto/Work/src/wecats-pos/Pods
    write-file /Users/matsumoto/Library/Developer/Xcode/DerivedData/wecatspos-ezotaurozeulvggxpnxclstusodc/Build/Intermediates.noindex/ArchiveIntermediates/wecatspos/IntermediateBuildFilesPath/Pods.build/Release-iphoneos/HolidayJp.build/unextended-module-overlay.yaml

WriteAuxiliaryFile /Users/matsumoto/Library/Developer/Xcode/DerivedData/wecatspos-ezotaurozeulvggxpnxclstusodc/Build/Intermediates.noindex/ArchiveIntermediates/wecatspos/IntermediateBuildFilesPath/Pods.build/Release-iphoneos/HolidayJp.build/unextended-module-swiftunextension.modulemap (in target 'HolidayJp' from project 'Pods')
    cd /Users/matsumoto/Work/src/wecats-pos/Pods
    write-file /Users/matsumoto/Library/Developer/Xcode/DerivedData/wecatspos-ezotaurozeulvggxpnxclstusodc/Build/Intermediates.noindex/ArchiveIntermediates/wecatspos/IntermediateBuildFilesPath/Pods.build/Release-iphoneos/HolidayJp.build/unextended-module-swiftunextension.modulemap

WriteAuxiliaryFile /Users/matsumoto/Library/Developer/Xcode/DerivedData/wecatspos-ezotaurozeulvggxpnxclstusodc/Build/Intermediates.noindex/ArchiveIntermediates/wecatspos/IntermediateBuildFilesPath/Pods.build/Release-iphoneos/HolidayJp.build/module-swiftextension.modulemap (in target 'HolidayJp' from project 'Pods')
    cd /Users/matsumoto/Work/src/wecats-pos/Pods
    write-file /Users/matsumoto/Library/Developer/Xcode/DerivedData/wecatspos-ezotaurozeulvggxpnxclstusodc/Build/Intermediates.noindex/ArchiveIntermediates/wecatspos/IntermediateBuildFilesPath/Pods.build/Release-iphoneos/HolidayJp.build/module-swiftextension.modulemap

WriteAuxiliaryFile /Users/matsumoto/Library/Developer/Xcode/DerivedData/wecatspos-ezotaurozeulvggxpnxclstusodc/Build/Intermediates.noindex/ArchiveIntermediates/wecatspos/IntermediateBuildFilesPath/Pods.build/Release-iphoneos/HolidayJp.build/Objects-normal/arm64/e6072d4f65d7061329687fe24e3d63a7-common-args.resp (in target 'HolidayJp' from project 'Pods')
    cd /Users/matsumoto/Work/src/wecats-pos/Pods
    write-file /Users/matsumoto/Library/Developer/Xcode/DerivedData/wecatspos-ezotaurozeulvggxpnxclstusodc/Build/Intermediates.noindex/ArchiveIntermediates/wecatspos/IntermediateBuildFilesPath/Pods.build/Release-iphoneos/HolidayJp.build/Objects-normal/arm64/e6072d4f65d7061329687fe24e3d63a7-common-args.resp
-target arm64-apple-ios13.0 '-std=gnu11' -fobjc-arc -fobjc-weak -fmodules -gmodules '-fmodules-cache-path=/Users/matsumoto/Library/Developer/Xcode/DerivedData/ModuleCache.noindex' '-fmodule-name=HolidayJp' -fpascal-strings -Os -fno-common '-DPOD_CONFIGURATION_RELEASE=1' '-DCOCOAPODS=1' '-DNS_BLOCK_ASSERTIONS=1' '-DOBJC_OLD_DISPATCH_PROTOTYPES=0' -isysroot /Applications/Xcode26.2.app/Contents/Developer/Platforms/iPhoneOS.platform/Developer/SDKs/iPhoneOS26.2.sdk -g -iquote /Users/matsumoto/Library/Developer/Xcode/DerivedData/wecatspos-ezotaurozeulvggxpnxclstusodc/Build/Intermediates.noindex/ArchiveIntermediates/wecatspos/IntermediateBuildFilesPath/Pods.build/Release-iphoneos/HolidayJp.build/HolidayJp-generated-files.hmap -I/Users/matsumoto/Library/Developer/Xcode/DerivedData/wecatspos-ezotaurozeulvggxpnxclstusodc/Build/Intermediates.noindex/ArchiveIntermediates/wecatspos/IntermediateBuildFilesPath/Pods.build/Release-iphoneos/HolidayJp.build/HolidayJp-own-target-headers.hmap -I/Users/matsumoto/Library/Developer/Xcode/DerivedData/wecatspos-ezotaurozeulvggxpnxclstusodc/Build/Intermediates.noindex/ArchiveIntermediates/wecatspos/IntermediateBuildFilesPath/Pods.build/Release-iphoneos/HolidayJp.build/HolidayJp-all-non-framework-target-headers.hmap -ivfsoverlay /Users/matsumoto/Library/Developer/Xcode/DerivedData/wecatspos-ezotaurozeulvggxpnxclstusodc/Build/Intermediates.noindex/ArchiveIntermediates/wecatspos/IntermediateBuildFilesPath/Pods.build/Release-iphoneos/Pods-8699adb1dd336b26511df848a716bd42-VFS-iphoneos/all-product-headers.yaml -iquote /Users/matsumoto/Library/Developer/Xcode/DerivedData/wecatspos-ezotaurozeulvggxpnxclstusodc/Build/Intermediates.noindex/ArchiveIntermediates/wecatspos/IntermediateBuildFilesPath/Pods.build/Release-iphoneos/HolidayJp.build/HolidayJp-project-headers.hmap -I/Users/matsumoto/Library/Developer/Xcode/DerivedData/wecatspos-ezotaurozeulvggxpnxclstusodc/Build/Intermediates.noindex/ArchiveIntermediates/wecatspos/BuildProductsPath/Release-iphoneos/HolidayJp/include -I/Users/matsumoto/Library/Developer/Xcode/DerivedData/wecatspos-ezotaurozeulvggxpnxclstusodc/Build/Intermediates.noindex/ArchiveIntermediates/wecatspos/IntermediateBuildFilesPath/Pods.build/Release-iphoneos/HolidayJp.build/DerivedSources-normal/arm64 -I/Users/matsumoto/Library/Developer/Xcode/DerivedData/wecatspos-ezotaurozeulvggxpnxclstusodc/Build/Intermediates.noindex/ArchiveIntermediates/wecatspos/IntermediateBuildFilesPath/Pods.build/Release-iphoneos/HolidayJp.build/DerivedSources/arm64 -I/Users/matsumoto/Library/Developer/Xcode/DerivedData/wecatspos-ezotaurozeulvggxpnxclstusodc/Build/Intermediates.noindex/ArchiveIntermediates/wecatspos/IntermediateBuildFilesPath/Pods.build/Release-iphoneos/HolidayJp.build/DerivedSources -F/Users/matsumoto/Library/Developer/Xcode/DerivedData/wecatspos-ezotaurozeulvggxpnxclstusodc/Build/Intermediates.noindex/ArchiveIntermediates/wecatspos/BuildProductsPath/Release-iphoneos/HolidayJp

WriteAuxiliaryFile /Users/matsumoto/Library/Developer/Xcode/DerivedData/wecatspos-ezotaurozeulvggxpnxclstusodc/Build/Intermediates.noindex/ArchiveIntermediates/wecatspos/IntermediateBuildFilesPath/Pods.build/Release-iphoneos/HolidayJp.build/Objects-normal/arm64/HolidayJp_const_extract_protocols.json (in target 'HolidayJp' from project 'Pods')
    cd /Users/matsumoto/Work/src/wecats-pos/Pods
    write-file /Users/matsumoto/Library/Developer/Xcode/DerivedData/wecatspos-ezotaurozeulvggxpnxclstusodc/Build/Intermediates.noindex/ArchiveIntermediates/wecatspos/IntermediateBuildFilesPath/Pods.build/Release-iphoneos/HolidayJp.build/Objects-normal/arm64/HolidayJp_const_extract_protocols.json

WriteAuxiliaryFile /Users/matsumoto/Library/Developer/Xcode/DerivedData/wecatspos-ezotaurozeulvggxpnxclstusodc/Build/Intermediates.noindex/ArchiveIntermediates/wecatspos/IntermediateBuildFilesPath/Pods.build/Release-iphoneos/HolidayJp.build/Objects-normal/arm64/HolidayJp.SwiftFileList (in target 'HolidayJp' from project 'Pods')
    cd /Users/matsumoto/Work/src/wecats-pos/Pods
    write-file /Users/matsumoto/Library/Developer/Xcode/DerivedData/wecatspos-ezotaurozeulvggxpnxclstusodc/Build/Intermediates.noindex/ArchiveIntermediates/wecatspos/IntermediateBuildFilesPath/Pods.build/Release-iphoneos/HolidayJp.build/Objects-normal/arm64/HolidayJp.SwiftFileList

WriteAuxiliaryFile /Users/matsumoto/Library/Developer/Xcode/DerivedData/wecatspos-ezotaurozeulvggxpnxclstusodc/Build/Intermediates.noindex/ArchiveIntermediates/wecatspos/IntermediateBuildFilesPath/Pods.build/Release-iphoneos/HolidayJp.build/Objects-normal/arm64/HolidayJp.SwiftConstValuesFileList (in target 'HolidayJp' from project 'Pods')
    cd /Users/matsumoto/Work/src/wecats-pos/Pods
    write-file /Users/matsumoto/Library/Developer/Xcode/DerivedData/wecatspos-ezotaurozeulvggxpnxclstusodc/Build/Intermediates.noindex/ArchiveIntermediates/wecatspos/IntermediateBuildFilesPath/Pods.build/Release-iphoneos/HolidayJp.build/Objects-normal/arm64/HolidayJp.SwiftConstValuesFileList

WriteAuxiliaryFile /Users/matsumoto/Library/Developer/Xcode/DerivedData/wecatspos-ezotaurozeulvggxpnxclstusodc/Build/Intermediates.noindex/ArchiveIntermediates/wecatspos/IntermediateBuildFilesPath/Pods.build/Release-iphoneos/HolidayJp.build/Objects-normal/arm64/HolidayJp.LinkFileList (in target 'HolidayJp' from project 'Pods')
    cd /Users/matsumoto/Work/src/wecats-pos/Pods
    write-file /Users/matsumoto/Library/Developer/Xcode/DerivedData/wecatspos-ezotaurozeulvggxpnxclstusodc/Build/Intermediates.noindex/ArchiveIntermediates/wecatspos/IntermediateBuildFilesPath/Pods.build/Release-iphoneos/HolidayJp.build/Objects-normal/arm64/HolidayJp.LinkFileList

WriteAuxiliaryFile /Users/matsumoto/Library/Developer/Xcode/DerivedData/wecatspos-ezotaurozeulvggxpnxclstusodc/Build/Intermediates.noindex/ArchiveIntermediates/wecatspos/IntermediateBuildFilesPath/Pods.build/Release-iphoneos/HolidayJp.build/Objects-normal/arm64/HolidayJp-OutputFileMap.json (in target 'HolidayJp' from project 'Pods')
    cd /Users/matsumoto/Work/src/wecats-pos/Pods
    write-file /Users/matsumoto/Library/Developer/Xcode/DerivedData/wecatspos-ezotaurozeulvggxpnxclstusodc/Build/Intermediates.noindex/ArchiveIntermediates/wecatspos/IntermediateBuildFilesPath/Pods.build/Release-iphoneos/HolidayJp.build/Objects-normal/arm64/HolidayJp-OutputFileMap.json

Copy /Users/matsumoto/Library/Developer/Xcode/DerivedData/wecatspos-ezotaurozeulvggxpnxclstusodc/Build/Intermediates.noindex/ArchiveIntermediates/wecatspos/IntermediateBuildFilesPath/UninstalledProducts/iphoneos/Moya.framework/Modules/module.modulemap /Users/matsumoto/Library/Developer/Xcode/DerivedData/wecatspos-ezotaurozeulvggxpnxclstusodc/Build/Intermediates.noindex/ArchiveIntermediates/wecatspos/IntermediateBuildFilesPath/Pods.build/Release-iphoneos/Moya.build/module.modulemap (in target 'Moya' from project 'Pods')
    cd /Users/matsumoto/Work/src/wecats-pos/Pods
    builtin-copy -exclude .DS_Store -exclude CVS -exclude .svn -exclude .git -exclude .hg -resolve-src-symlinks /Users/matsumoto/Library/Developer/Xcode/DerivedData/wecatspos-ezotaurozeulvggxpnxclstusodc/Build/Intermediates.noindex/ArchiveIntermediates/wecatspos/IntermediateBuildFilesPath/Pods.build/Release-iphoneos/Moya.build/module.modulemap /Users/matsumoto/Library/Developer/Xcode/DerivedData/wecatspos-ezotaurozeulvggxpnxclstusodc/Build/Intermediates.noindex/ArchiveIntermediates/wecatspos/IntermediateBuildFilesPath/UninstalledProducts/iphoneos/Moya.framework/Modules

WriteAuxiliaryFile /Users/matsumoto/Library/Developer/Xcode/DerivedData/wecatspos-ezotaurozeulvggxpnxclstusodc/Build/Intermediates.noindex/ArchiveIntermediates/wecatspos/IntermediateBuildFilesPath/Pods.build/Release-iphoneos/HolidayJp.build/Objects-normal/arm64/7187679823f38a2a940e0043cdf9d637-common-args.resp (in target 'HolidayJp' from project 'Pods')
    cd /Users/matsumoto/Work/src/wecats-pos/Pods
    write-file /Users/matsumoto/Library/Developer/Xcode/DerivedData/wecatspos-ezotaurozeulvggxpnxclstusodc/Build/Intermediates.noindex/ArchiveIntermediates/wecatspos/IntermediateBuildFilesPath/Pods.build/Release-iphoneos/HolidayJp.build/Objects-normal/arm64/7187679823f38a2a940e0043cdf9d637-common-args.resp
-target arm64-apple-ios13.0 '-std=gnu11' -fmodules -gmodules '-fmodules-cache-path=/Users/matsumoto/Library/Developer/Xcode/DerivedData/ModuleCache.noindex' '-fmodule-name=HolidayJp' -fpascal-strings -Os -fno-common '-DPOD_CONFIGURATION_RELEASE=1' '-DCOCOAPODS=1' -isysroot /Applications/Xcode26.2.app/Contents/Developer/Platforms/iPhoneOS.platform/Developer/SDKs/iPhoneOS26.2.sdk -g -iquote /Users/matsumoto/Library/Developer/Xcode/DerivedData/wecatspos-ezotaurozeulvggxpnxclstusodc/Build/Intermediates.noindex/ArchiveIntermediates/wecatspos/IntermediateBuildFilesPath/Pods.build/Release-iphoneos/HolidayJp.build/HolidayJp-generated-files.hmap -I/Users/matsumoto/Library/Developer/Xcode/DerivedData/wecatspos-ezotaurozeulvggxpnxclstusodc/Build/Intermediates.noindex/ArchiveIntermediates/wecatspos/IntermediateBuildFilesPath/Pods.build/Release-iphoneos/HolidayJp.build/HolidayJp-own-target-headers.hmap -I/Users/matsumoto/Library/Developer/Xcode/DerivedData/wecatspos-ezotaurozeulvggxpnxclstusodc/Build/Intermediates.noindex/ArchiveIntermediates/wecatspos/IntermediateBuildFilesPath/Pods.build/Release-iphoneos/HolidayJp.build/HolidayJp-all-non-framework-target-headers.hmap -ivfsoverlay /Users/matsumoto/Library/Developer/Xcode/DerivedData/wecatspos-ezotaurozeulvggxpnxclstusodc/Build/Intermediates.noindex/ArchiveIntermediates/wecatspos/IntermediateBuildFilesPath/Pods.build/Release-iphoneos/Pods-8699adb1dd336b26511df848a716bd42-VFS-iphoneos/all-product-headers.yaml -iquote /Users/matsumoto/Library/Developer/Xcode/DerivedData/wecatspos-ezotaurozeulvggxpnxclstusodc/Build/Intermediates.noindex/ArchiveIntermediates/wecatspos/IntermediateBuildFilesPath/Pods.build/Release-iphoneos/HolidayJp.build/HolidayJp-project-headers.hmap -I/Users/matsumoto/Library/Developer/Xcode/DerivedData/wecatspos-ezotaurozeulvggxpnxclstusodc/Build/Intermediates.noindex/ArchiveIntermediates/wecatspos/BuildProductsPath/Release-iphoneos/HolidayJp/include -I/Users/matsumoto/Library/Developer/Xcode/DerivedData/wecatspos-ezotaurozeulvggxpnxclstusodc/Build/Intermediates.noindex/ArchiveIntermediates/wecatspos/IntermediateBuildFilesPath/Pods.build/Release-iphoneos/HolidayJp.build/DerivedSources-normal/arm64 -I/Users/matsumoto/Library/Developer/Xcode/DerivedData/wecatspos-ezotaurozeulvggxpnxclstusodc/Build/Intermediates.noindex/ArchiveIntermediates/wecatspos/IntermediateBuildFilesPath/Pods.build/Release-iphoneos/HolidayJp.build/DerivedSources/arm64 -I/Users/matsumoto/Library/Developer/Xcode/DerivedData/wecatspos-ezotaurozeulvggxpnxclstusodc/Build/Intermediates.noindex/ArchiveIntermediates/wecatspos/IntermediateBuildFilesPath/Pods.build/Release-iphoneos/HolidayJp.build/DerivedSources -F/Users/matsumoto/Library/Developer/Xcode/DerivedData/wecatspos-ezotaurozeulvggxpnxclstusodc/Build/Intermediates.noindex/ArchiveIntermediates/wecatspos/BuildProductsPath/Release-iphoneos/HolidayJp

WriteAuxiliaryFile /Users/matsumoto/Library/Developer/Xcode/DerivedData/wecatspos-ezotaurozeulvggxpnxclstusodc/Build/Intermediates.noindex/ArchiveIntermediates/wecatspos/IntermediateBuildFilesPath/Pods.build/Release-iphoneos/HolidayJp.build/HolidayJp.hmap (in target 'HolidayJp' from project 'Pods')
    cd /Users/matsumoto/Work/src/wecats-pos/Pods
    write-file /Users/matsumoto/Library/Developer/Xcode/DerivedData/wecatspos-ezotaurozeulvggxpnxclstusodc/Build/Intermediates.noindex/ArchiveIntermediates/wecatspos/IntermediateBuildFilesPath/Pods.build/Release-iphoneos/HolidayJp.build/HolidayJp.hmap

WriteAuxiliaryFile /Users/matsumoto/Library/Developer/Xcode/DerivedData/wecatspos-ezotaurozeulvggxpnxclstusodc/Build/Intermediates.noindex/ArchiveIntermediates/wecatspos/IntermediateBuildFilesPath/Pods.build/Release-iphoneos/HolidayJp.build/HolidayJp.DependencyStaticMetadataFileList (in target 'HolidayJp' from project 'Pods')
    cd /Users/matsumoto/Work/src/wecats-pos/Pods
    write-file /Users/matsumoto/Library/Developer/Xcode/DerivedData/wecatspos-ezotaurozeulvggxpnxclstusodc/Build/Intermediates.noindex/ArchiveIntermediates/wecatspos/IntermediateBuildFilesPath/Pods.build/Release-iphoneos/HolidayJp.build/HolidayJp.DependencyStaticMetadataFileList

WriteAuxiliaryFile /Users/matsumoto/Library/Developer/Xcode/DerivedData/wecatspos-ezotaurozeulvggxpnxclstusodc/Build/Intermediates.noindex/ArchiveIntermediates/wecatspos/IntermediateBuildFilesPath/Pods.build/Release-iphoneos/HolidayJp.build/HolidayJp.DependencyMetadataFileList (in target 'HolidayJp' from project 'Pods')
    cd /Users/matsumoto/Work/src/wecats-pos/Pods
    write-file /Users/matsumoto/Library/Developer/Xcode/DerivedData/wecatspos-ezotaurozeulvggxpnxclstusodc/Build/Intermediates.noindex/ArchiveIntermediates/wecatspos/IntermediateBuildFilesPath/Pods.build/Release-iphoneos/HolidayJp.build/HolidayJp.DependencyMetadataFileList

WriteAuxiliaryFile /Users/matsumoto/Library/Developer/Xcode/DerivedData/wecatspos-ezotaurozeulvggxpnxclstusodc/Build/Intermediates.noindex/ArchiveIntermediates/wecatspos/IntermediateBuildFilesPath/Pods.build/Release-iphoneos/HolidayJp.build/HolidayJp-project-headers.hmap (in target 'HolidayJp' from project 'Pods')
    cd /Users/matsumoto/Work/src/wecats-pos/Pods
    write-file /Users/matsumoto/Library/Developer/Xcode/DerivedData/wecatspos-ezotaurozeulvggxpnxclstusodc/Build/Intermediates.noindex/ArchiveIntermediates/wecatspos/IntermediateBuildFilesPath/Pods.build/Release-iphoneos/HolidayJp.build/HolidayJp-project-headers.hmap

WriteAuxiliaryFile /Users/matsumoto/Library/Developer/Xcode/DerivedData/wecatspos-ezotaurozeulvggxpnxclstusodc/Build/Intermediates.noindex/ArchiveIntermediates/wecatspos/IntermediateBuildFilesPath/Pods.build/Release-iphoneos/HolidayJp.build/HolidayJp-own-target-headers.hmap (in target 'HolidayJp' from project 'Pods')
    cd /Users/matsumoto/Work/src/wecats-pos/Pods
    write-file /Users/matsumoto/Library/Developer/Xcode/DerivedData/wecatspos-ezotaurozeulvggxpnxclstusodc/Build/Intermediates.noindex/ArchiveIntermediates/wecatspos/IntermediateBuildFilesPath/Pods.build/Release-iphoneos/HolidayJp.build/HolidayJp-own-target-headers.hmap

WriteAuxiliaryFile /Users/matsumoto/Library/Developer/Xcode/DerivedData/wecatspos-ezotaurozeulvggxpnxclstusodc/Build/Intermediates.noindex/ArchiveIntermediates/wecatspos/IntermediateBuildFilesPath/Pods.build/Release-iphoneos/HolidayJp.build/HolidayJp-generated-files.hmap (in target 'HolidayJp' from project 'Pods')
    cd /Users/matsumoto/Work/src/wecats-pos/Pods
    write-file /Users/matsumoto/Library/Developer/Xcode/DerivedData/wecatspos-ezotaurozeulvggxpnxclstusodc/Build/Intermediates.noindex/ArchiveIntermediates/wecatspos/IntermediateBuildFilesPath/Pods.build/Release-iphoneos/HolidayJp.build/HolidayJp-generated-files.hmap

WriteAuxiliaryFile /Users/matsumoto/Library/Developer/Xcode/DerivedData/wecatspos-ezotaurozeulvggxpnxclstusodc/Build/Intermediates.noindex/ArchiveIntermediates/wecatspos/IntermediateBuildFilesPath/Pods.build/Release-iphoneos/HolidayJp.build/HolidayJp-all-target-headers.hmap (in target 'HolidayJp' from project 'Pods')
    cd /Users/matsumoto/Work/src/wecats-pos/Pods
    write-file /Users/matsumoto/Library/Developer/Xcode/DerivedData/wecatspos-ezotaurozeulvggxpnxclstusodc/Build/Intermediates.noindex/ArchiveIntermediates/wecatspos/IntermediateBuildFilesPath/Pods.build/Release-iphoneos/HolidayJp.build/HolidayJp-all-target-headers.hmap

WriteAuxiliaryFile /Users/matsumoto/Library/Developer/Xcode/DerivedData/wecatspos-ezotaurozeulvggxpnxclstusodc/Build/Intermediates.noindex/ArchiveIntermediates/wecatspos/IntermediateBuildFilesPath/Pods.build/Release-iphoneos/HolidayJp.build/HolidayJp-all-non-framework-target-headers.hmap (in target 'HolidayJp' from project 'Pods')
    cd /Users/matsumoto/Work/src/wecats-pos/Pods
    write-file /Users/matsumoto/Library/Developer/Xcode/DerivedData/wecatspos-ezotaurozeulvggxpnxclstusodc/Build/Intermediates.noindex/ArchiveIntermediates/wecatspos/IntermediateBuildFilesPath/Pods.build/Release-iphoneos/HolidayJp.build/HolidayJp-all-non-framework-target-headers.hmap

WriteAuxiliaryFile /Users/matsumoto/Library/Developer/Xcode/DerivedData/wecatspos-ezotaurozeulvggxpnxclstusodc/Build/Intermediates.noindex/ArchiveIntermediates/wecatspos/IntermediateBuildFilesPath/Pods.build/Release-iphoneos/HolidayJp.build/DerivedSources/HolidayJp_vers.c (in target 'HolidayJp' from project 'Pods')
    cd /Users/matsumoto/Work/src/wecats-pos/Pods
    write-file /Users/matsumoto/Library/Developer/Xcode/DerivedData/wecatspos-ezotaurozeulvggxpnxclstusodc/Build/Intermediates.noindex/ArchiveIntermediates/wecatspos/IntermediateBuildFilesPath/Pods.build/Release-iphoneos/HolidayJp.build/DerivedSources/HolidayJp_vers.c

CpHeader /Users/matsumoto/Library/Developer/Xcode/DerivedData/wecatspos-ezotaurozeulvggxpnxclstusodc/Build/Intermediates.noindex/ArchiveIntermediates/wecatspos/IntermediateBuildFilesPath/UninstalledProducts/iphoneos/HolidayJp.framework/Headers/HolidayJp-umbrella.h /Users/matsumoto/Work/src/wecats-pos/Pods/Target\ Support\ Files/HolidayJp/HolidayJp-umbrella.h (in target 'HolidayJp' from project 'Pods')
    cd /Users/matsumoto/Work/src/wecats-pos/Pods
    builtin-copy -exclude .DS_Store -exclude CVS -exclude .svn -exclude .git -exclude .hg -resolve-src-symlinks /Users/matsumoto/Work/src/wecats-pos/Pods/Target\ Support\ Files/HolidayJp/HolidayJp-umbrella.h /Users/matsumoto/Library/Developer/Xcode/DerivedData/wecatspos-ezotaurozeulvggxpnxclstusodc/Build/Intermediates.noindex/ArchiveIntermediates/wecatspos/IntermediateBuildFilesPath/UninstalledProducts/iphoneos/HolidayJp.framework/Headers

Concatenate /Users/matsumoto/Library/Developer/Xcode/DerivedData/wecatspos-ezotaurozeulvggxpnxclstusodc/Build/Intermediates.noindex/ArchiveIntermediates/wecatspos/IntermediateBuildFilesPath/Pods.build/Release-iphoneos/HolidayJp.build/unextended-module.modulemap /Users/matsumoto/Work/src/wecats-pos/Pods/Target\ Support\ Files/HolidayJp/HolidayJp.modulemap /Users/matsumoto/Library/Developer/Xcode/DerivedData/wecatspos-ezotaurozeulvggxpnxclstusodc/Build/Intermediates.noindex/ArchiveIntermediates/wecatspos/IntermediateBuildFilesPath/Pods.build/Release-iphoneos/HolidayJp.build/unextended-module-swiftunextension.modulemap (in target 'HolidayJp' from project 'Pods')
    cd /Users/matsumoto/Work/src/wecats-pos/Pods
    builtin-concatenate /Users/matsumoto/Library/Developer/Xcode/DerivedData/wecatspos-ezotaurozeulvggxpnxclstusodc/Build/Intermediates.noindex/ArchiveIntermediates/wecatspos/IntermediateBuildFilesPath/Pods.build/Release-iphoneos/HolidayJp.build/unextended-module.modulemap /Users/matsumoto/Work/src/wecats-pos/Pods/Target\ Support\ Files/HolidayJp/HolidayJp.modulemap /Users/matsumoto/Library/Developer/Xcode/DerivedData/wecatspos-ezotaurozeulvggxpnxclstusodc/Build/Intermediates.noindex/ArchiveIntermediates/wecatspos/IntermediateBuildFilesPath/Pods.build/Release-iphoneos/HolidayJp.build/unextended-module-swiftunextension.modulemap

Concatenate /Users/matsumoto/Library/Developer/Xcode/DerivedData/wecatspos-ezotaurozeulvggxpnxclstusodc/Build/Intermediates.noindex/ArchiveIntermediates/wecatspos/IntermediateBuildFilesPath/Pods.build/Release-iphoneos/HolidayJp.build/module.modulemap /Users/matsumoto/Work/src/wecats-pos/Pods/Target\ Support\ Files/HolidayJp/HolidayJp.modulemap /Users/matsumoto/Library/Developer/Xcode/DerivedData/wecatspos-ezotaurozeulvggxpnxclstusodc/Build/Intermediates.noindex/ArchiveIntermediates/wecatspos/IntermediateBuildFilesPath/Pods.build/Release-iphoneos/HolidayJp.build/module-swiftextension.modulemap (in target 'HolidayJp' from project 'Pods')
    cd /Users/matsumoto/Work/src/wecats-pos/Pods
    builtin-concatenate /Users/matsumoto/Library/Developer/Xcode/DerivedData/wecatspos-ezotaurozeulvggxpnxclstusodc/Build/Intermediates.noindex/ArchiveIntermediates/wecatspos/IntermediateBuildFilesPath/Pods.build/Release-iphoneos/HolidayJp.build/module.modulemap /Users/matsumoto/Work/src/wecats-pos/Pods/Target\ Support\ Files/HolidayJp/HolidayJp.modulemap /Users/matsumoto/Library/Developer/Xcode/DerivedData/wecatspos-ezotaurozeulvggxpnxclstusodc/Build/Intermediates.noindex/ArchiveIntermediates/wecatspos/IntermediateBuildFilesPath/Pods.build/Release-iphoneos/HolidayJp.build/module-swiftextension.modulemap

SymLink /Users/matsumoto/Library/Developer/Xcode/DerivedData/wecatspos-ezotaurozeulvggxpnxclstusodc/Build/Intermediates.noindex/ArchiveIntermediates/wecatspos/BuildProductsPath/Release-iphoneos/Moya/Moya.framework ../../../IntermediateBuildFilesPath/UninstalledProducts/iphoneos/Moya.framework (in target 'Moya' from project 'Pods')
    cd /Users/matsumoto/Work/src/wecats-pos/Pods
    /bin/ln -sfh ../../../IntermediateBuildFilesPath/UninstalledProducts/iphoneos/Moya.framework /Users/matsumoto/Library/Developer/Xcode/DerivedData/wecatspos-ezotaurozeulvggxpnxclstusodc/Build/Intermediates.noindex/ArchiveIntermediates/wecatspos/BuildProductsPath/Release-iphoneos/Moya/Moya.framework

MkDir /Users/matsumoto/Library/Developer/Xcode/DerivedData/wecatspos-ezotaurozeulvggxpnxclstusodc/Build/Intermediates.noindex/ArchiveIntermediates/wecatspos/IntermediateBuildFilesPath/UninstalledProducts/iphoneos/Moya.framework/Headers (in target 'Moya' from project 'Pods')
    cd /Users/matsumoto/Work/src/wecats-pos/Pods
    /bin/mkdir -p /Users/matsumoto/Library/Developer/Xcode/DerivedData/wecatspos-ezotaurozeulvggxpnxclstusodc/Build/Intermediates.noindex/ArchiveIntermediates/wecatspos/IntermediateBuildFilesPath/UninstalledProducts/iphoneos/Moya.framework/Headers

MkDir /Users/matsumoto/Library/Developer/Xcode/DerivedData/wecatspos-ezotaurozeulvggxpnxclstusodc/Build/Intermediates.noindex/ArchiveIntermediates/wecatspos/IntermediateBuildFilesPath/UninstalledProducts/iphoneos/Moya.framework (in target 'Moya' from project 'Pods')
    cd /Users/matsumoto/Work/src/wecats-pos/Pods
    /bin/mkdir -p /Users/matsumoto/Library/Developer/Xcode/DerivedData/wecatspos-ezotaurozeulvggxpnxclstusodc/Build/Intermediates.noindex/ArchiveIntermediates/wecatspos/IntermediateBuildFilesPath/UninstalledProducts/iphoneos/Moya.framework

SymLink /Users/matsumoto/Library/Developer/Xcode/DerivedData/wecatspos-ezotaurozeulvggxpnxclstusodc/Build/Intermediates.noindex/ArchiveIntermediates/wecatspos/BuildProductsPath/Release-iphoneos/HolidayJp/HolidayJp.framework ../../../IntermediateBuildFilesPath/UninstalledProducts/iphoneos/HolidayJp.framework (in target 'HolidayJp' from project 'Pods')
    cd /Users/matsumoto/Work/src/wecats-pos/Pods
    /bin/ln -sfh ../../../IntermediateBuildFilesPath/UninstalledProducts/iphoneos/HolidayJp.framework /Users/matsumoto/Library/Developer/Xcode/DerivedData/wecatspos-ezotaurozeulvggxpnxclstusodc/Build/Intermediates.noindex/ArchiveIntermediates/wecatspos/BuildProductsPath/Release-iphoneos/HolidayJp/HolidayJp.framework

MkDir /Users/matsumoto/Library/Developer/Xcode/DerivedData/wecatspos-ezotaurozeulvggxpnxclstusodc/Build/Intermediates.noindex/ArchiveIntermediates/wecatspos/IntermediateBuildFilesPath/UninstalledProducts/iphoneos/HolidayJp.framework/Headers (in target 'HolidayJp' from project 'Pods')
    cd /Users/matsumoto/Work/src/wecats-pos/Pods
    /bin/mkdir -p /Users/matsumoto/Library/Developer/Xcode/DerivedData/wecatspos-ezotaurozeulvggxpnxclstusodc/Build/Intermediates.noindex/ArchiveIntermediates/wecatspos/IntermediateBuildFilesPath/UninstalledProducts/iphoneos/HolidayJp.framework/Headers

MkDir /Users/matsumoto/Library/Developer/Xcode/DerivedData/wecatspos-ezotaurozeulvggxpnxclstusodc/Build/Intermediates.noindex/ArchiveIntermediates/wecatspos/IntermediateBuildFilesPath/UninstalledProducts/iphoneos/HolidayJp.framework (in target 'HolidayJp' from project 'Pods')
    cd /Users/matsumoto/Work/src/wecats-pos/Pods
    /bin/mkdir -p /Users/matsumoto/Library/Developer/Xcode/DerivedData/wecatspos-ezotaurozeulvggxpnxclstusodc/Build/Intermediates.noindex/ArchiveIntermediates/wecatspos/IntermediateBuildFilesPath/UninstalledProducts/iphoneos/HolidayJp.framework

Copy /Users/matsumoto/Library/Developer/Xcode/DerivedData/wecatspos-ezotaurozeulvggxpnxclstusodc/Build/Intermediates.noindex/ArchiveIntermediates/wecatspos/IntermediateBuildFilesPath/UninstalledProducts/iphoneos/HolidayJp.framework/Modules/module.modulemap /Users/matsumoto/Library/Developer/Xcode/DerivedData/wecatspos-ezotaurozeulvggxpnxclstusodc/Build/Intermediates.noindex/ArchiveIntermediates/wecatspos/IntermediateBuildFilesPath/Pods.build/Release-iphoneos/HolidayJp.build/module.modulemap (in target 'HolidayJp' from project 'Pods')
    cd /Users/matsumoto/Work/src/wecats-pos/Pods
    builtin-copy -exclude .DS_Store -exclude CVS -exclude .svn -exclude .git -exclude .hg -resolve-src-symlinks /Users/matsumoto/Library/Developer/Xcode/DerivedData/wecatspos-ezotaurozeulvggxpnxclstusodc/Build/Intermediates.noindex/ArchiveIntermediates/wecatspos/IntermediateBuildFilesPath/Pods.build/Release-iphoneos/HolidayJp.build/module.modulemap /Users/matsumoto/Library/Developer/Xcode/DerivedData/wecatspos-ezotaurozeulvggxpnxclstusodc/Build/Intermediates.noindex/ArchiveIntermediates/wecatspos/IntermediateBuildFilesPath/UninstalledProducts/iphoneos/HolidayJp.framework/Modules

CreateBuildDirectory /Users/matsumoto/Library/Developer/Xcode/DerivedData/wecatspos-ezotaurozeulvggxpnxclstusodc/Build/Intermediates.noindex/ArchiveIntermediates/wecatspos/BuildProductsPath/Release-iphoneos/Alamofire
    cd /Users/matsumoto/Work/src/wecats-pos
    builtin-create-build-directory /Users/matsumoto/Library/Developer/Xcode/DerivedData/wecatspos-ezotaurozeulvggxpnxclstusodc/Build/Intermediates.noindex/ArchiveIntermediates/wecatspos/BuildProductsPath/Release-iphoneos/Alamofire

WriteAuxiliaryFile /Users/matsumoto/Library/Developer/Xcode/DerivedData/wecatspos-ezotaurozeulvggxpnxclstusodc/Build/Intermediates.noindex/ArchiveIntermediates/wecatspos/IntermediateBuildFilesPath/Pods.build/Release-iphoneos/Alamofire-Alamofire.build/Alamofire-project-headers.hmap (in target 'Alamofire-Alamofire' from project 'Pods')
    cd /Users/matsumoto/Work/src/wecats-pos/Pods
    write-file /Users/matsumoto/Library/Developer/Xcode/DerivedData/wecatspos-ezotaurozeulvggxpnxclstusodc/Build/Intermediates.noindex/ArchiveIntermediates/wecatspos/IntermediateBuildFilesPath/Pods.build/Release-iphoneos/Alamofire-Alamofire.build/Alamofire-project-headers.hmap

WriteAuxiliaryFile /Users/matsumoto/Library/Developer/Xcode/DerivedData/wecatspos-ezotaurozeulvggxpnxclstusodc/Build/Intermediates.noindex/ArchiveIntermediates/wecatspos/IntermediateBuildFilesPath/Pods.build/Release-iphoneos/Alamofire-Alamofire.build/Alamofire-own-target-headers.hmap (in target 'Alamofire-Alamofire' from project 'Pods')
    cd /Users/matsumoto/Work/src/wecats-pos/Pods
    write-file /Users/matsumoto/Library/Developer/Xcode/DerivedData/wecatspos-ezotaurozeulvggxpnxclstusodc/Build/Intermediates.noindex/ArchiveIntermediates/wecatspos/IntermediateBuildFilesPath/Pods.build/Release-iphoneos/Alamofire-Alamofire.build/Alamofire-own-target-headers.hmap

WriteAuxiliaryFile /Users/matsumoto/Library/Developer/Xcode/DerivedData/wecatspos-ezotaurozeulvggxpnxclstusodc/Build/Intermediates.noindex/ArchiveIntermediates/wecatspos/IntermediateBuildFilesPath/Pods.build/Release-iphoneos/Alamofire-Alamofire.build/Alamofire.DependencyStaticMetadataFileList (in target 'Alamofire-Alamofire' from project 'Pods')
    cd /Users/matsumoto/Work/src/wecats-pos/Pods
    write-file /Users/matsumoto/Library/Developer/Xcode/DerivedData/wecatspos-ezotaurozeulvggxpnxclstusodc/Build/Intermediates.noindex/ArchiveIntermediates/wecatspos/IntermediateBuildFilesPath/Pods.build/Release-iphoneos/Alamofire-Alamofire.build/Alamofire.DependencyStaticMetadataFileList

WriteAuxiliaryFile /Users/matsumoto/Library/Developer/Xcode/DerivedData/wecatspos-ezotaurozeulvggxpnxclstusodc/Build/Intermediates.noindex/ArchiveIntermediates/wecatspos/IntermediateBuildFilesPath/Pods.build/Release-iphoneos/Alamofire-Alamofire.build/Alamofire-generated-files.hmap (in target 'Alamofire-Alamofire' from project 'Pods')
    cd /Users/matsumoto/Work/src/wecats-pos/Pods
    write-file /Users/matsumoto/Library/Developer/Xcode/DerivedData/wecatspos-ezotaurozeulvggxpnxclstusodc/Build/Intermediates.noindex/ArchiveIntermediates/wecatspos/IntermediateBuildFilesPath/Pods.build/Release-iphoneos/Alamofire-Alamofire.build/Alamofire-generated-files.hmap

WriteAuxiliaryFile /Users/matsumoto/Library/Developer/Xcode/DerivedData/wecatspos-ezotaurozeulvggxpnxclstusodc/Build/Intermediates.noindex/ArchiveIntermediates/wecatspos/IntermediateBuildFilesPath/Pods.build/Release-iphoneos/Alamofire-Alamofire.build/Alamofire.hmap (in target 'Alamofire-Alamofire' from project 'Pods')
    cd /Users/matsumoto/Work/src/wecats-pos/Pods
    write-file /Users/matsumoto/Library/Developer/Xcode/DerivedData/wecatspos-ezotaurozeulvggxpnxclstusodc/Build/Intermediates.noindex/ArchiveIntermediates/wecatspos/IntermediateBuildFilesPath/Pods.build/Release-iphoneos/Alamofire-Alamofire.build/Alamofire.hmap

WriteAuxiliaryFile /Users/matsumoto/Library/Developer/Xcode/DerivedData/wecatspos-ezotaurozeulvggxpnxclstusodc/Build/Intermediates.noindex/ArchiveIntermediates/wecatspos/IntermediateBuildFilesPath/Pods.build/Release-iphoneos/Alamofire-Alamofire.build/Alamofire-all-target-headers.hmap (in target 'Alamofire-Alamofire' from project 'Pods')
    cd /Users/matsumoto/Work/src/wecats-pos/Pods
    write-file /Users/matsumoto/Library/Developer/Xcode/DerivedData/wecatspos-ezotaurozeulvggxpnxclstusodc/Build/Intermediates.noindex/ArchiveIntermediates/wecatspos/IntermediateBuildFilesPath/Pods.build/Release-iphoneos/Alamofire-Alamofire.build/Alamofire-all-target-headers.hmap

WriteAuxiliaryFile /Users/matsumoto/Library/Developer/Xcode/DerivedData/wecatspos-ezotaurozeulvggxpnxclstusodc/Build/Intermediates.noindex/ArchiveIntermediates/wecatspos/IntermediateBuildFilesPath/Pods.build/Release-iphoneos/Alamofire-Alamofire.build/Alamofire.DependencyMetadataFileList (in target 'Alamofire-Alamofire' from project 'Pods')
    cd /Users/matsumoto/Work/src/wecats-pos/Pods
    write-file /Users/matsumoto/Library/Developer/Xcode/DerivedData/wecatspos-ezotaurozeulvggxpnxclstusodc/Build/Intermediates.noindex/ArchiveIntermediates/wecatspos/IntermediateBuildFilesPath/Pods.build/Release-iphoneos/Alamofire-Alamofire.build/Alamofire.DependencyMetadataFileList

WriteAuxiliaryFile /Users/matsumoto/Library/Developer/Xcode/DerivedData/wecatspos-ezotaurozeulvggxpnxclstusodc/Build/Intermediates.noindex/ArchiveIntermediates/wecatspos/IntermediateBuildFilesPath/Pods.build/Release-iphoneos/Alamofire-Alamofire.build/Alamofire-all-non-framework-target-headers.hmap (in target 'Alamofire-Alamofire' from project 'Pods')
    cd /Users/matsumoto/Work/src/wecats-pos/Pods
    write-file /Users/matsumoto/Library/Developer/Xcode/DerivedData/wecatspos-ezotaurozeulvggxpnxclstusodc/Build/Intermediates.noindex/ArchiveIntermediates/wecatspos/IntermediateBuildFilesPath/Pods.build/Release-iphoneos/Alamofire-Alamofire.build/Alamofire-all-non-framework-target-headers.hmap

WriteAuxiliaryFile /Users/matsumoto/Library/Developer/Xcode/DerivedData/wecatspos-ezotaurozeulvggxpnxclstusodc/Build/Intermediates.noindex/ArchiveIntermediates/wecatspos/IntermediateBuildFilesPath/Pods.build/Release-iphoneos/Alamofire.build/unextended-module-swiftunextension.modulemap (in target 'Alamofire' from project 'Pods')
    cd /Users/matsumoto/Work/src/wecats-pos/Pods
    write-file /Users/matsumoto/Library/Developer/Xcode/DerivedData/wecatspos-ezotaurozeulvggxpnxclstusodc/Build/Intermediates.noindex/ArchiveIntermediates/wecatspos/IntermediateBuildFilesPath/Pods.build/Release-iphoneos/Alamofire.build/unextended-module-swiftunextension.modulemap

WriteAuxiliaryFile /Users/matsumoto/Library/Developer/Xcode/DerivedData/wecatspos-ezotaurozeulvggxpnxclstusodc/Build/Intermediates.noindex/ArchiveIntermediates/wecatspos/IntermediateBuildFilesPath/Pods.build/Release-iphoneos/Alamofire.build/unextended-module-overlay.yaml (in target 'Alamofire' from project 'Pods')
    cd /Users/matsumoto/Work/src/wecats-pos/Pods
    write-file /Users/matsumoto/Library/Developer/Xcode/DerivedData/wecatspos-ezotaurozeulvggxpnxclstusodc/Build/Intermediates.noindex/ArchiveIntermediates/wecatspos/IntermediateBuildFilesPath/Pods.build/Release-iphoneos/Alamofire.build/unextended-module-overlay.yaml

WriteAuxiliaryFile /Users/matsumoto/Library/Developer/Xcode/DerivedData/wecatspos-ezotaurozeulvggxpnxclstusodc/Build/Intermediates.noindex/ArchiveIntermediates/wecatspos/IntermediateBuildFilesPath/Pods.build/Release-iphoneos/Alamofire.build/module-swiftextension.modulemap (in target 'Alamofire' from project 'Pods')
    cd /Users/matsumoto/Work/src/wecats-pos/Pods
    write-file /Users/matsumoto/Library/Developer/Xcode/DerivedData/wecatspos-ezotaurozeulvggxpnxclstusodc/Build/Intermediates.noindex/ArchiveIntermediates/wecatspos/IntermediateBuildFilesPath/Pods.build/Release-iphoneos/Alamofire.build/module-swiftextension.modulemap

WriteAuxiliaryFile /Users/matsumoto/Library/Developer/Xcode/DerivedData/wecatspos-ezotaurozeulvggxpnxclstusodc/Build/Intermediates.noindex/ArchiveIntermediates/wecatspos/IntermediateBuildFilesPath/Pods.build/Release-iphoneos/Alamofire.build/Objects-normal/arm64/e6072d4f65d7061329687fe24e3d63a7-common-args.resp (in target 'Alamofire' from project 'Pods')
    cd /Users/matsumoto/Work/src/wecats-pos/Pods
    write-file /Users/matsumoto/Library/Developer/Xcode/DerivedData/wecatspos-ezotaurozeulvggxpnxclstusodc/Build/Intermediates.noindex/ArchiveIntermediates/wecatspos/IntermediateBuildFilesPath/Pods.build/Release-iphoneos/Alamofire.build/Objects-normal/arm64/e6072d4f65d7061329687fe24e3d63a7-common-args.resp
-target arm64-apple-ios13.0 '-std=gnu11' -fobjc-arc -fmodules -gmodules '-fmodules-cache-path=/Users/matsumoto/Library/Developer/Xcode/DerivedData/ModuleCache.noindex' '-fmodule-name=Alamofire' -fpascal-strings -Os -fno-common '-DPOD_CONFIGURATION_RELEASE=1' '-DCOCOAPODS=1' '-DNS_BLOCK_ASSERTIONS=1' '-DOBJC_OLD_DISPATCH_PROTOTYPES=0' -isysroot /Applications/Xcode26.2.app/Contents/Developer/Platforms/iPhoneOS.platform/Developer/SDKs/iPhoneOS26.2.sdk -g -iquote /Users/matsumoto/Library/Developer/Xcode/DerivedData/wecatspos-ezotaurozeulvggxpnxclstusodc/Build/Intermediates.noindex/ArchiveIntermediates/wecatspos/IntermediateBuildFilesPath/Pods.build/Release-iphoneos/Alamofire.build/Alamofire-generated-files.hmap -I/Users/matsumoto/Library/Developer/Xcode/DerivedData/wecatspos-ezotaurozeulvggxpnxclstusodc/Build/Intermediates.noindex/ArchiveIntermediates/wecatspos/IntermediateBuildFilesPath/Pods.build/Release-iphoneos/Alamofire.build/Alamofire-own-target-headers.hmap -I/Users/matsumoto/Library/Developer/Xcode/DerivedData/wecatspos-ezotaurozeulvggxpnxclstusodc/Build/Intermediates.noindex/ArchiveIntermediates/wecatspos/IntermediateBuildFilesPath/Pods.build/Release-iphoneos/Alamofire.build/Alamofire-all-non-framework-target-headers.hmap -ivfsoverlay /Users/matsumoto/Library/Developer/Xcode/DerivedData/wecatspos-ezotaurozeulvggxpnxclstusodc/Build/Intermediates.noindex/ArchiveIntermediates/wecatspos/IntermediateBuildFilesPath/Pods.build/Release-iphoneos/Pods-8699adb1dd336b26511df848a716bd42-VFS-iphoneos/all-product-headers.yaml -iquote /Users/matsumoto/Library/Developer/Xcode/DerivedData/wecatspos-ezotaurozeulvggxpnxclstusodc/Build/Intermediates.noindex/ArchiveIntermediates/wecatspos/IntermediateBuildFilesPath/Pods.build/Release-iphoneos/Alamofire.build/Alamofire-project-headers.hmap -I/Users/matsumoto/Library/Developer/Xcode/DerivedData/wecatspos-ezotaurozeulvggxpnxclstusodc/Build/Intermediates.noindex/ArchiveIntermediates/wecatspos/BuildProductsPath/Release-iphoneos/Alamofire/include -I/Users/matsumoto/Library/Developer/Xcode/DerivedData/wecatspos-ezotaurozeulvggxpnxclstusodc/Build/Intermediates.noindex/ArchiveIntermediates/wecatspos/IntermediateBuildFilesPath/Pods.build/Release-iphoneos/Alamofire.build/DerivedSources-normal/arm64 -I/Users/matsumoto/Library/Developer/Xcode/DerivedData/wecatspos-ezotaurozeulvggxpnxclstusodc/Build/Intermediates.noindex/ArchiveIntermediates/wecatspos/IntermediateBuildFilesPath/Pods.build/Release-iphoneos/Alamofire.build/DerivedSources/arm64 -I/Users/matsumoto/Library/Developer/Xcode/DerivedData/wecatspos-ezotaurozeulvggxpnxclstusodc/Build/Intermediates.noindex/ArchiveIntermediates/wecatspos/IntermediateBuildFilesPath/Pods.build/Release-iphoneos/Alamofire.build/DerivedSources -F/Users/matsumoto/Library/Developer/Xcode/DerivedData/wecatspos-ezotaurozeulvggxpnxclstusodc/Build/Intermediates.noindex/ArchiveIntermediates/wecatspos/BuildProductsPath/Release-iphoneos/Alamofire

WriteAuxiliaryFile /Users/matsumoto/Library/Developer/Xcode/DerivedData/wecatspos-ezotaurozeulvggxpnxclstusodc/Build/Intermediates.noindex/ArchiveIntermediates/wecatspos/IntermediateBuildFilesPath/Pods.build/Release-iphoneos/Alamofire.build/Objects-normal/arm64/Alamofire_const_extract_protocols.json (in target 'Alamofire' from project 'Pods')
    cd /Users/matsumoto/Work/src/wecats-pos/Pods
    write-file /Users/matsumoto/Library/Developer/Xcode/DerivedData/wecatspos-ezotaurozeulvggxpnxclstusodc/Build/Intermediates.noindex/ArchiveIntermediates/wecatspos/IntermediateBuildFilesPath/Pods.build/Release-iphoneos/Alamofire.build/Objects-normal/arm64/Alamofire_const_extract_protocols.json

WriteAuxiliaryFile /Users/matsumoto/Library/Developer/Xcode/DerivedData/wecatspos-ezotaurozeulvggxpnxclstusodc/Build/Intermediates.noindex/ArchiveIntermediates/wecatspos/IntermediateBuildFilesPath/Pods.build/Release-iphoneos/Alamofire.build/Objects-normal/arm64/Alamofire.SwiftFileList (in target 'Alamofire' from project 'Pods')
    cd /Users/matsumoto/Work/src/wecats-pos/Pods
    write-file /Users/matsumoto/Library/Developer/Xcode/DerivedData/wecatspos-ezotaurozeulvggxpnxclstusodc/Build/Intermediates.noindex/ArchiveIntermediates/wecatspos/IntermediateBuildFilesPath/Pods.build/Release-iphoneos/Alamofire.build/Objects-normal/arm64/Alamofire.SwiftFileList

WriteAuxiliaryFile /Users/matsumoto/Library/Developer/Xcode/DerivedData/wecatspos-ezotaurozeulvggxpnxclstusodc/Build/Intermediates.noindex/ArchiveIntermediates/wecatspos/IntermediateBuildFilesPath/Pods.build/Release-iphoneos/Alamofire.build/Objects-normal/arm64/Alamofire.SwiftConstValuesFileList (in target 'Alamofire' from project 'Pods')
    cd /Users/matsumoto/Work/src/wecats-pos/Pods
    write-file /Users/matsumoto/Library/Developer/Xcode/DerivedData/wecatspos-ezotaurozeulvggxpnxclstusodc/Build/Intermediates.noindex/ArchiveIntermediates/wecatspos/IntermediateBuildFilesPath/Pods.build/Release-iphoneos/Alamofire.build/Objects-normal/arm64/Alamofire.SwiftConstValuesFileList

WriteAuxiliaryFile /Users/matsumoto/Library/Developer/Xcode/DerivedData/wecatspos-ezotaurozeulvggxpnxclstusodc/Build/Intermediates.noindex/ArchiveIntermediates/wecatspos/IntermediateBuildFilesPath/Pods.build/Release-iphoneos/Alamofire.build/Objects-normal/arm64/Alamofire.LinkFileList (in target 'Alamofire' from project 'Pods')
    cd /Users/matsumoto/Work/src/wecats-pos/Pods
    write-file /Users/matsumoto/Library/Developer/Xcode/DerivedData/wecatspos-ezotaurozeulvggxpnxclstusodc/Build/Intermediates.noindex/ArchiveIntermediates/wecatspos/IntermediateBuildFilesPath/Pods.build/Release-iphoneos/Alamofire.build/Objects-normal/arm64/Alamofire.LinkFileList

WriteAuxiliaryFile /Users/matsumoto/Library/Developer/Xcode/DerivedData/wecatspos-ezotaurozeulvggxpnxclstusodc/Build/Intermediates.noindex/ArchiveIntermediates/wecatspos/IntermediateBuildFilesPath/Pods.build/Release-iphoneos/Alamofire.build/Objects-normal/arm64/Alamofire-OutputFileMap.json (in target 'Alamofire' from project 'Pods')
    cd /Users/matsumoto/Work/src/wecats-pos/Pods
    write-file /Users/matsumoto/Library/Developer/Xcode/DerivedData/wecatspos-ezotaurozeulvggxpnxclstusodc/Build/Intermediates.noindex/ArchiveIntermediates/wecatspos/IntermediateBuildFilesPath/Pods.build/Release-iphoneos/Alamofire.build/Objects-normal/arm64/Alamofire-OutputFileMap.json

WriteAuxiliaryFile /Users/matsumoto/Library/Developer/Xcode/DerivedData/wecatspos-ezotaurozeulvggxpnxclstusodc/Build/Intermediates.noindex/ArchiveIntermediates/wecatspos/IntermediateBuildFilesPath/Pods.build/Release-iphoneos/Alamofire.build/Objects-normal/arm64/7187679823f38a2a940e0043cdf9d637-common-args.resp (in target 'Alamofire' from project 'Pods')
    cd /Users/matsumoto/Work/src/wecats-pos/Pods
    write-file /Users/matsumoto/Library/Developer/Xcode/DerivedData/wecatspos-ezotaurozeulvggxpnxclstusodc/Build/Intermediates.noindex/ArchiveIntermediates/wecatspos/IntermediateBuildFilesPath/Pods.build/Release-iphoneos/Alamofire.build/Objects-normal/arm64/7187679823f38a2a940e0043cdf9d637-common-args.resp
-target arm64-apple-ios13.0 '-std=gnu11' -fmodules -gmodules '-fmodules-cache-path=/Users/matsumoto/Library/Developer/Xcode/DerivedData/ModuleCache.noindex' '-fmodule-name=Alamofire' -fpascal-strings -Os -fno-common '-DPOD_CONFIGURATION_RELEASE=1' '-DCOCOAPODS=1' -isysroot /Applications/Xcode26.2.app/Contents/Developer/Platforms/iPhoneOS.platform/Developer/SDKs/iPhoneOS26.2.sdk -g -iquote /Users/matsumoto/Library/Developer/Xcode/DerivedData/wecatspos-ezotaurozeulvggxpnxclstusodc/Build/Intermediates.noindex/ArchiveIntermediates/wecatspos/IntermediateBuildFilesPath/Pods.build/Release-iphoneos/Alamofire.build/Alamofire-generated-files.hmap -I/Users/matsumoto/Library/Developer/Xcode/DerivedData/wecatspos-ezotaurozeulvggxpnxclstusodc/Build/Intermediates.noindex/ArchiveIntermediates/wecatspos/IntermediateBuildFilesPath/Pods.build/Release-iphoneos/Alamofire.build/Alamofire-own-target-headers.hmap -I/Users/matsumoto/Library/Developer/Xcode/DerivedData/wecatspos-ezotaurozeulvggxpnxclstusodc/Build/Intermediates.noindex/ArchiveIntermediates/wecatspos/IntermediateBuildFilesPath/Pods.build/Release-iphoneos/Alamofire.build/Alamofire-all-non-framework-target-headers.hmap -ivfsoverlay /Users/matsumoto/Library/Developer/Xcode/DerivedData/wecatspos-ezotaurozeulvggxpnxclstusodc/Build/Intermediates.noindex/ArchiveIntermediates/wecatspos/IntermediateBuildFilesPath/Pods.build/Release-iphoneos/Pods-8699adb1dd336b26511df848a716bd42-VFS-iphoneos/all-product-headers.yaml -iquote /Users/matsumoto/Library/Developer/Xcode/DerivedData/wecatspos-ezotaurozeulvggxpnxclstusodc/Build/Intermediates.noindex/ArchiveIntermediates/wecatspos/IntermediateBuildFilesPath/Pods.build/Release-iphoneos/Alamofire.build/Alamofire-project-headers.hmap -I/Users/matsumoto/Library/Developer/Xcode/DerivedData/wecatspos-ezotaurozeulvggxpnxclstusodc/Build/Intermediates.noindex/ArchiveIntermediates/wecatspos/BuildProductsPath/Release-iphoneos/Alamofire/include -I/Users/matsumoto/Library/Developer/Xcode/DerivedData/wecatspos-ezotaurozeulvggxpnxclstusodc/Build/Intermediates.noindex/ArchiveIntermediates/wecatspos/IntermediateBuildFilesPath/Pods.build/Release-iphoneos/Alamofire.build/DerivedSources-normal/arm64 -I/Users/matsumoto/Library/Developer/Xcode/DerivedData/wecatspos-ezotaurozeulvggxpnxclstusodc/Build/Intermediates.noindex/ArchiveIntermediates/wecatspos/IntermediateBuildFilesPath/Pods.build/Release-iphoneos/Alamofire.build/DerivedSources/arm64 -I/Users/matsumoto/Library/Developer/Xcode/DerivedData/wecatspos-ezotaurozeulvggxpnxclstusodc/Build/Intermediates.noindex/ArchiveIntermediates/wecatspos/IntermediateBuildFilesPath/Pods.build/Release-iphoneos/Alamofire.build/DerivedSources -F/Users/matsumoto/Library/Developer/Xcode/DerivedData/wecatspos-ezotaurozeulvggxpnxclstusodc/Build/Intermediates.noindex/ArchiveIntermediates/wecatspos/BuildProductsPath/Release-iphoneos/Alamofire

WriteAuxiliaryFile /Users/matsumoto/Library/Developer/Xcode/DerivedData/wecatspos-ezotaurozeulvggxpnxclstusodc/Build/Intermediates.noindex/ArchiveIntermediates/wecatspos/IntermediateBuildFilesPath/Pods.build/Release-iphoneos/Alamofire.build/Alamofire.hmap (in target 'Alamofire' from project 'Pods')
    cd /Users/matsumoto/Work/src/wecats-pos/Pods
    write-file /Users/matsumoto/Library/Developer/Xcode/DerivedData/wecatspos-ezotaurozeulvggxpnxclstusodc/Build/Intermediates.noindex/ArchiveIntermediates/wecatspos/IntermediateBuildFilesPath/Pods.build/Release-iphoneos/Alamofire.build/Alamofire.hmap

WriteAuxiliaryFile /Users/matsumoto/Library/Developer/Xcode/DerivedData/wecatspos-ezotaurozeulvggxpnxclstusodc/Build/Intermediates.noindex/ArchiveIntermediates/wecatspos/IntermediateBuildFilesPath/Pods.build/Release-iphoneos/Alamofire.build/DerivedSources/Alamofire_vers.c (in target 'Alamofire' from project 'Pods')
    cd /Users/matsumoto/Work/src/wecats-pos/Pods
    write-file /Users/matsumoto/Library/Developer/Xcode/DerivedData/wecatspos-ezotaurozeulvggxpnxclstusodc/Build/Intermediates.noindex/ArchiveIntermediates/wecatspos/IntermediateBuildFilesPath/Pods.build/Release-iphoneos/Alamofire.build/DerivedSources/Alamofire_vers.c

WriteAuxiliaryFile /Users/matsumoto/Library/Developer/Xcode/DerivedData/wecatspos-ezotaurozeulvggxpnxclstusodc/Build/Intermediates.noindex/ArchiveIntermediates/wecatspos/IntermediateBuildFilesPath/Pods.build/Release-iphoneos/Alamofire.build/Alamofire.DependencyStaticMetadataFileList (in target 'Alamofire' from project 'Pods')
    cd /Users/matsumoto/Work/src/wecats-pos/Pods
    write-file /Users/matsumoto/Library/Developer/Xcode/DerivedData/wecatspos-ezotaurozeulvggxpnxclstusodc/Build/Intermediates.noindex/ArchiveIntermediates/wecatspos/IntermediateBuildFilesPath/Pods.build/Release-iphoneos/Alamofire.build/Alamofire.DependencyStaticMetadataFileList

WriteAuxiliaryFile /Users/matsumoto/Library/Developer/Xcode/DerivedData/wecatspos-ezotaurozeulvggxpnxclstusodc/Build/Intermediates.noindex/ArchiveIntermediates/wecatspos/IntermediateBuildFilesPath/Pods.build/Release-iphoneos/Alamofire.build/Alamofire.DependencyMetadataFileList (in target 'Alamofire' from project 'Pods')
    cd /Users/matsumoto/Work/src/wecats-pos/Pods
    write-file /Users/matsumoto/Library/Developer/Xcode/DerivedData/wecatspos-ezotaurozeulvggxpnxclstusodc/Build/Intermediates.noindex/ArchiveIntermediates/wecatspos/IntermediateBuildFilesPath/Pods.build/Release-iphoneos/Alamofire.build/Alamofire.DependencyMetadataFileList

WriteAuxiliaryFile /Users/matsumoto/Library/Developer/Xcode/DerivedData/wecatspos-ezotaurozeulvggxpnxclstusodc/Build/Intermediates.noindex/ArchiveIntermediates/wecatspos/IntermediateBuildFilesPath/Pods.build/Release-iphoneos/Alamofire.build/Alamofire-project-headers.hmap (in target 'Alamofire' from project 'Pods')
    cd /Users/matsumoto/Work/src/wecats-pos/Pods
    write-file /Users/matsumoto/Library/Developer/Xcode/DerivedData/wecatspos-ezotaurozeulvggxpnxclstusodc/Build/Intermediates.noindex/ArchiveIntermediates/wecatspos/IntermediateBuildFilesPath/Pods.build/Release-iphoneos/Alamofire.build/Alamofire-project-headers.hmap

WriteAuxiliaryFile /Users/matsumoto/Library/Developer/Xcode/DerivedData/wecatspos-ezotaurozeulvggxpnxclstusodc/Build/Intermediates.noindex/ArchiveIntermediates/wecatspos/IntermediateBuildFilesPath/Pods.build/Release-iphoneos/Alamofire.build/Alamofire-own-target-headers.hmap (in target 'Alamofire' from project 'Pods')
    cd /Users/matsumoto/Work/src/wecats-pos/Pods
    write-file /Users/matsumoto/Library/Developer/Xcode/DerivedData/wecatspos-ezotaurozeulvggxpnxclstusodc/Build/Intermediates.noindex/ArchiveIntermediates/wecatspos/IntermediateBuildFilesPath/Pods.build/Release-iphoneos/Alamofire.build/Alamofire-own-target-headers.hmap

WriteAuxiliaryFile /Users/matsumoto/Library/Developer/Xcode/DerivedData/wecatspos-ezotaurozeulvggxpnxclstusodc/Build/Intermediates.noindex/ArchiveIntermediates/wecatspos/IntermediateBuildFilesPath/Pods.build/Release-iphoneos/Alamofire.build/Alamofire-all-target-headers.hmap (in target 'Alamofire' from project 'Pods')
    cd /Users/matsumoto/Work/src/wecats-pos/Pods
    write-file /Users/matsumoto/Library/Developer/Xcode/DerivedData/wecatspos-ezotaurozeulvggxpnxclstusodc/Build/Intermediates.noindex/ArchiveIntermediates/wecatspos/IntermediateBuildFilesPath/Pods.build/Release-iphoneos/Alamofire.build/Alamofire-all-target-headers.hmap

WriteAuxiliaryFile /Users/matsumoto/Library/Developer/Xcode/DerivedData/wecatspos-ezotaurozeulvggxpnxclstusodc/Build/Intermediates.noindex/ArchiveIntermediates/wecatspos/IntermediateBuildFilesPath/Pods.build/Release-iphoneos/Alamofire.build/Alamofire-generated-files.hmap (in target 'Alamofire' from project 'Pods')
    cd /Users/matsumoto/Work/src/wecats-pos/Pods
    write-file /Users/matsumoto/Library/Developer/Xcode/DerivedData/wecatspos-ezotaurozeulvggxpnxclstusodc/Build/Intermediates.noindex/ArchiveIntermediates/wecatspos/IntermediateBuildFilesPath/Pods.build/Release-iphoneos/Alamofire.build/Alamofire-generated-files.hmap

WriteAuxiliaryFile /Users/matsumoto/Library/Developer/Xcode/DerivedData/wecatspos-ezotaurozeulvggxpnxclstusodc/Build/Intermediates.noindex/ArchiveIntermediates/wecatspos/IntermediateBuildFilesPath/Pods.build/Release-iphoneos/Alamofire.build/Alamofire-all-non-framework-target-headers.hmap (in target 'Alamofire' from project 'Pods')
    cd /Users/matsumoto/Work/src/wecats-pos/Pods
    write-file /Users/matsumoto/Library/Developer/Xcode/DerivedData/wecatspos-ezotaurozeulvggxpnxclstusodc/Build/Intermediates.noindex/ArchiveIntermediates/wecatspos/IntermediateBuildFilesPath/Pods.build/Release-iphoneos/Alamofire.build/Alamofire-all-non-framework-target-headers.hmap

Concatenate /Users/matsumoto/Library/Developer/Xcode/DerivedData/wecatspos-ezotaurozeulvggxpnxclstusodc/Build/Intermediates.noindex/ArchiveIntermediates/wecatspos/IntermediateBuildFilesPath/Pods.build/Release-iphoneos/Alamofire.build/unextended-module.modulemap /Users/matsumoto/Work/src/wecats-pos/Pods/Target\ Support\ Files/Alamofire/Alamofire.modulemap /Users/matsumoto/Library/Developer/Xcode/DerivedData/wecatspos-ezotaurozeulvggxpnxclstusodc/Build/Intermediates.noindex/ArchiveIntermediates/wecatspos/IntermediateBuildFilesPath/Pods.build/Release-iphoneos/Alamofire.build/unextended-module-swiftunextension.modulemap (in target 'Alamofire' from project 'Pods')
    cd /Users/matsumoto/Work/src/wecats-pos/Pods
    builtin-concatenate /Users/matsumoto/Library/Developer/Xcode/DerivedData/wecatspos-ezotaurozeulvggxpnxclstusodc/Build/Intermediates.noindex/ArchiveIntermediates/wecatspos/IntermediateBuildFilesPath/Pods.build/Release-iphoneos/Alamofire.build/unextended-module.modulemap /Users/matsumoto/Work/src/wecats-pos/Pods/Target\ Support\ Files/Alamofire/Alamofire.modulemap /Users/matsumoto/Library/Developer/Xcode/DerivedData/wecatspos-ezotaurozeulvggxpnxclstusodc/Build/Intermediates.noindex/ArchiveIntermediates/wecatspos/IntermediateBuildFilesPath/Pods.build/Release-iphoneos/Alamofire.build/unextended-module-swiftunextension.modulemap

CpHeader /Users/matsumoto/Library/Developer/Xcode/DerivedData/wecatspos-ezotaurozeulvggxpnxclstusodc/Build/Intermediates.noindex/ArchiveIntermediates/wecatspos/IntermediateBuildFilesPath/UninstalledProducts/iphoneos/Alamofire.framework/Headers/Alamofire-umbrella.h /Users/matsumoto/Work/src/wecats-pos/Pods/Target\ Support\ Files/Alamofire/Alamofire-umbrella.h (in target 'Alamofire' from project 'Pods')
    cd /Users/matsumoto/Work/src/wecats-pos/Pods
    builtin-copy -exclude .DS_Store -exclude CVS -exclude .svn -exclude .git -exclude .hg -resolve-src-symlinks /Users/matsumoto/Work/src/wecats-pos/Pods/Target\ Support\ Files/Alamofire/Alamofire-umbrella.h /Users/matsumoto/Library/Developer/Xcode/DerivedData/wecatspos-ezotaurozeulvggxpnxclstusodc/Build/Intermediates.noindex/ArchiveIntermediates/wecatspos/IntermediateBuildFilesPath/UninstalledProducts/iphoneos/Alamofire.framework/Headers

Concatenate /Users/matsumoto/Library/Developer/Xcode/DerivedData/wecatspos-ezotaurozeulvggxpnxclstusodc/Build/Intermediates.noindex/ArchiveIntermediates/wecatspos/IntermediateBuildFilesPath/Pods.build/Release-iphoneos/Alamofire.build/module.modulemap /Users/matsumoto/Work/src/wecats-pos/Pods/Target\ Support\ Files/Alamofire/Alamofire.modulemap /Users/matsumoto/Library/Developer/Xcode/DerivedData/wecatspos-ezotaurozeulvggxpnxclstusodc/Build/Intermediates.noindex/ArchiveIntermediates/wecatspos/IntermediateBuildFilesPath/Pods.build/Release-iphoneos/Alamofire.build/module-swiftextension.modulemap (in target 'Alamofire' from project 'Pods')
    cd /Users/matsumoto/Work/src/wecats-pos/Pods
    builtin-concatenate /Users/matsumoto/Library/Developer/Xcode/DerivedData/wecatspos-ezotaurozeulvggxpnxclstusodc/Build/Intermediates.noindex/ArchiveIntermediates/wecatspos/IntermediateBuildFilesPath/Pods.build/Release-iphoneos/Alamofire.build/module.modulemap /Users/matsumoto/Work/src/wecats-pos/Pods/Target\ Support\ Files/Alamofire/Alamofire.modulemap /Users/matsumoto/Library/Developer/Xcode/DerivedData/wecatspos-ezotaurozeulvggxpnxclstusodc/Build/Intermediates.noindex/ArchiveIntermediates/wecatspos/IntermediateBuildFilesPath/Pods.build/Release-iphoneos/Alamofire.build/module-swiftextension.modulemap

ProcessInfoPlistFile /Users/matsumoto/Library/Developer/Xcode/DerivedData/wecatspos-ezotaurozeulvggxpnxclstusodc/Build/Intermediates.noindex/ArchiveIntermediates/wecatspos/IntermediateBuildFilesPath/UninstalledProducts/iphoneos/RxSwift_Privacy.bundle/Info.plist /Users/matsumoto/Work/src/wecats-pos/Pods/Target\ Support\ Files/RxSwift/ResourceBundle-RxSwift_Privacy-RxSwift-Info.plist (in target 'RxSwift-RxSwift_Privacy' from project 'Pods')
    cd /Users/matsumoto/Work/src/wecats-pos/Pods
    builtin-infoPlistUtility /Users/matsumoto/Work/src/wecats-pos/Pods/Target\ Support\ Files/RxSwift/ResourceBundle-RxSwift_Privacy-RxSwift-Info.plist -producttype com.apple.product-type.bundle -expandbuildsettings -format binary -platform iphoneos -requiredArchitecture arm64 -o /Users/matsumoto/Library/Developer/Xcode/DerivedData/wecatspos-ezotaurozeulvggxpnxclstusodc/Build/Intermediates.noindex/ArchiveIntermediates/wecatspos/IntermediateBuildFilesPath/UninstalledProducts/iphoneos/RxSwift_Privacy.bundle/Info.plist

CpResource /Users/matsumoto/Library/Developer/Xcode/DerivedData/wecatspos-ezotaurozeulvggxpnxclstusodc/Build/Intermediates.noindex/ArchiveIntermediates/wecatspos/IntermediateBuildFilesPath/UninstalledProducts/iphoneos/RxSwift_Privacy.bundle/PrivacyInfo.xcprivacy /Users/matsumoto/Work/src/wecats-pos/Pods/RxSwift/Sources/RxSwift/PrivacyInfo.xcprivacy (in target 'RxSwift-RxSwift_Privacy' from project 'Pods')
    cd /Users/matsumoto/Work/src/wecats-pos/Pods
    builtin-copy -exclude .DS_Store -exclude CVS -exclude .svn -exclude .git -exclude .hg -resolve-src-symlinks /Users/matsumoto/Work/src/wecats-pos/Pods/RxSwift/Sources/RxSwift/PrivacyInfo.xcprivacy /Users/matsumoto/Library/Developer/Xcode/DerivedData/wecatspos-ezotaurozeulvggxpnxclstusodc/Build/Intermediates.noindex/ArchiveIntermediates/wecatspos/IntermediateBuildFilesPath/UninstalledProducts/iphoneos/RxSwift_Privacy.bundle

SymLink /Users/matsumoto/Library/Developer/Xcode/DerivedData/wecatspos-ezotaurozeulvggxpnxclstusodc/Build/Intermediates.noindex/ArchiveIntermediates/wecatspos/BuildProductsPath/Release-iphoneos/Alamofire/Alamofire.bundle ../../../IntermediateBuildFilesPath/UninstalledProducts/iphoneos/Alamofire.bundle (in target 'Alamofire-Alamofire' from project 'Pods')
    cd /Users/matsumoto/Work/src/wecats-pos/Pods
    /bin/ln -sfh ../../../IntermediateBuildFilesPath/UninstalledProducts/iphoneos/Alamofire.bundle /Users/matsumoto/Library/Developer/Xcode/DerivedData/wecatspos-ezotaurozeulvggxpnxclstusodc/Build/Intermediates.noindex/ArchiveIntermediates/wecatspos/BuildProductsPath/Release-iphoneos/Alamofire/Alamofire.bundle

MkDir /Users/matsumoto/Library/Developer/Xcode/DerivedData/wecatspos-ezotaurozeulvggxpnxclstusodc/Build/Intermediates.noindex/ArchiveIntermediates/wecatspos/IntermediateBuildFilesPath/UninstalledProducts/iphoneos/Alamofire.bundle (in target 'Alamofire-Alamofire' from project 'Pods')
    cd /Users/matsumoto/Work/src/wecats-pos/Pods
    /bin/mkdir -p /Users/matsumoto/Library/Developer/Xcode/DerivedData/wecatspos-ezotaurozeulvggxpnxclstusodc/Build/Intermediates.noindex/ArchiveIntermediates/wecatspos/IntermediateBuildFilesPath/UninstalledProducts/iphoneos/Alamofire.bundle

SymLink /Users/matsumoto/Library/Developer/Xcode/DerivedData/wecatspos-ezotaurozeulvggxpnxclstusodc/Build/Intermediates.noindex/ArchiveIntermediates/wecatspos/BuildProductsPath/Release-iphoneos/Alamofire/Alamofire.framework ../../../IntermediateBuildFilesPath/UninstalledProducts/iphoneos/Alamofire.framework (in target 'Alamofire' from project 'Pods')
    cd /Users/matsumoto/Work/src/wecats-pos/Pods
    /bin/ln -sfh ../../../IntermediateBuildFilesPath/UninstalledProducts/iphoneos/Alamofire.framework /Users/matsumoto/Library/Developer/Xcode/DerivedData/wecatspos-ezotaurozeulvggxpnxclstusodc/Build/Intermediates.noindex/ArchiveIntermediates/wecatspos/BuildProductsPath/Release-iphoneos/Alamofire/Alamofire.framework

MkDir /Users/matsumoto/Library/Developer/Xcode/DerivedData/wecatspos-ezotaurozeulvggxpnxclstusodc/Build/Intermediates.noindex/ArchiveIntermediates/wecatspos/IntermediateBuildFilesPath/UninstalledProducts/iphoneos/Alamofire.framework/Headers (in target 'Alamofire' from project 'Pods')
    cd /Users/matsumoto/Work/src/wecats-pos/Pods
    /bin/mkdir -p /Users/matsumoto/Library/Developer/Xcode/DerivedData/wecatspos-ezotaurozeulvggxpnxclstusodc/Build/Intermediates.noindex/ArchiveIntermediates/wecatspos/IntermediateBuildFilesPath/UninstalledProducts/iphoneos/Alamofire.framework/Headers

MkDir /Users/matsumoto/Library/Developer/Xcode/DerivedData/wecatspos-ezotaurozeulvggxpnxclstusodc/Build/Intermediates.noindex/ArchiveIntermediates/wecatspos/IntermediateBuildFilesPath/UninstalledProducts/iphoneos/Alamofire.framework (in target 'Alamofire' from project 'Pods')
    cd /Users/matsumoto/Work/src/wecats-pos/Pods
    /bin/mkdir -p /Users/matsumoto/Library/Developer/Xcode/DerivedData/wecatspos-ezotaurozeulvggxpnxclstusodc/Build/Intermediates.noindex/ArchiveIntermediates/wecatspos/IntermediateBuildFilesPath/UninstalledProducts/iphoneos/Alamofire.framework

Copy /Users/matsumoto/Library/Developer/Xcode/DerivedData/wecatspos-ezotaurozeulvggxpnxclstusodc/Build/Intermediates.noindex/ArchiveIntermediates/wecatspos/IntermediateBuildFilesPath/UninstalledProducts/iphoneos/Alamofire.framework/Modules/module.modulemap /Users/matsumoto/Library/Developer/Xcode/DerivedData/wecatspos-ezotaurozeulvggxpnxclstusodc/Build/Intermediates.noindex/ArchiveIntermediates/wecatspos/IntermediateBuildFilesPath/Pods.build/Release-iphoneos/Alamofire.build/module.modulemap (in target 'Alamofire' from project 'Pods')
    cd /Users/matsumoto/Work/src/wecats-pos/Pods
    builtin-copy -exclude .DS_Store -exclude CVS -exclude .svn -exclude .git -exclude .hg -resolve-src-symlinks /Users/matsumoto/Library/Developer/Xcode/DerivedData/wecatspos-ezotaurozeulvggxpnxclstusodc/Build/Intermediates.noindex/ArchiveIntermediates/wecatspos/IntermediateBuildFilesPath/Pods.build/Release-iphoneos/Alamofire.build/module.modulemap /Users/matsumoto/Library/Developer/Xcode/DerivedData/wecatspos-ezotaurozeulvggxpnxclstusodc/Build/Intermediates.noindex/ArchiveIntermediates/wecatspos/IntermediateBuildFilesPath/UninstalledProducts/iphoneos/Alamofire.framework/Modules

ProcessInfoPlistFile /Users/matsumoto/Library/Developer/Xcode/DerivedData/wecatspos-ezotaurozeulvggxpnxclstusodc/Build/Intermediates.noindex/ArchiveIntermediates/wecatspos/IntermediateBuildFilesPath/UninstalledProducts/iphoneos/Rswift.framework/Info.plist /Users/matsumoto/Work/src/wecats-pos/Pods/Target\ Support\ Files/R.swift.Library/R.swift.Library-Info.plist (in target 'R.swift.Library' from project 'Pods')
    cd /Users/matsumoto/Work/src/wecats-pos/Pods
    builtin-infoPlistUtility /Users/matsumoto/Work/src/wecats-pos/Pods/Target\ Support\ Files/R.swift.Library/R.swift.Library-Info.plist -producttype com.apple.product-type.framework -expandbuildsettings -format binary -platform iphoneos -requiredArchitecture arm64 -o /Users/matsumoto/Library/Developer/Xcode/DerivedData/wecatspos-ezotaurozeulvggxpnxclstusodc/Build/Intermediates.noindex/ArchiveIntermediates/wecatspos/IntermediateBuildFilesPath/UninstalledProducts/iphoneos/Rswift.framework/Info.plist

ProcessInfoPlistFile /Users/matsumoto/Library/Developer/Xcode/DerivedData/wecatspos-ezotaurozeulvggxpnxclstusodc/Build/Intermediates.noindex/ArchiveIntermediates/wecatspos/IntermediateBuildFilesPath/UninstalledProducts/iphoneos/HolidayJp.framework/Info.plist /Users/matsumoto/Work/src/wecats-pos/Pods/Target\ Support\ Files/HolidayJp/HolidayJp-Info.plist (in target 'HolidayJp' from project 'Pods')
    cd /Users/matsumoto/Work/src/wecats-pos/Pods
    builtin-infoPlistUtility /Users/matsumoto/Work/src/wecats-pos/Pods/Target\ Support\ Files/HolidayJp/HolidayJp-Info.plist -producttype com.apple.product-type.framework -expandbuildsettings -format binary -platform iphoneos -requiredArchitecture arm64 -o /Users/matsumoto/Library/Developer/Xcode/DerivedData/wecatspos-ezotaurozeulvggxpnxclstusodc/Build/Intermediates.noindex/ArchiveIntermediates/wecatspos/IntermediateBuildFilesPath/UninstalledProducts/iphoneos/HolidayJp.framework/Info.plist

ProcessInfoPlistFile /Users/matsumoto/Library/Developer/Xcode/DerivedData/wecatspos-ezotaurozeulvggxpnxclstusodc/Build/Intermediates.noindex/ArchiveIntermediates/wecatspos/IntermediateBuildFilesPath/UninstalledProducts/iphoneos/Alamofire.bundle/Info.plist /Users/matsumoto/Work/src/wecats-pos/Pods/Target\ Support\ Files/Alamofire/ResourceBundle-Alamofire-Alamofire-Info.plist (in target 'Alamofire-Alamofire' from project 'Pods')
    cd /Users/matsumoto/Work/src/wecats-pos/Pods
    builtin-infoPlistUtility /Users/matsumoto/Work/src/wecats-pos/Pods/Target\ Support\ Files/Alamofire/ResourceBundle-Alamofire-Alamofire-Info.plist -producttype com.apple.product-type.bundle -expandbuildsettings -format binary -platform iphoneos -requiredArchitecture arm64 -o /Users/matsumoto/Library/Developer/Xcode/DerivedData/wecatspos-ezotaurozeulvggxpnxclstusodc/Build/Intermediates.noindex/ArchiveIntermediates/wecatspos/IntermediateBuildFilesPath/UninstalledProducts/iphoneos/Alamofire.bundle/Info.plist

CpResource /Users/matsumoto/Library/Developer/Xcode/DerivedData/wecatspos-ezotaurozeulvggxpnxclstusodc/Build/Intermediates.noindex/ArchiveIntermediates/wecatspos/IntermediateBuildFilesPath/UninstalledProducts/iphoneos/Alamofire.bundle/PrivacyInfo.xcprivacy /Users/matsumoto/Work/src/wecats-pos/Pods/Alamofire/Source/PrivacyInfo.xcprivacy (in target 'Alamofire-Alamofire' from project 'Pods')
    cd /Users/matsumoto/Work/src/wecats-pos/Pods
    builtin-copy -exclude .DS_Store -exclude CVS -exclude .svn -exclude .git -exclude .hg -resolve-src-symlinks /Users/matsumoto/Work/src/wecats-pos/Pods/Alamofire/Source/PrivacyInfo.xcprivacy /Users/matsumoto/Library/Developer/Xcode/DerivedData/wecatspos-ezotaurozeulvggxpnxclstusodc/Build/Intermediates.noindex/ArchiveIntermediates/wecatspos/IntermediateBuildFilesPath/UninstalledProducts/iphoneos/Alamofire.bundle

SetOwnerAndGroup matsumoto:staff /Users/matsumoto/Library/Developer/Xcode/DerivedData/wecatspos-ezotaurozeulvggxpnxclstusodc/Build/Intermediates.noindex/ArchiveIntermediates/wecatspos/IntermediateBuildFilesPath/UninstalledProducts/iphoneos/RxSwift_Privacy.bundle (in target 'RxSwift-RxSwift_Privacy' from project 'Pods')
    cd /Users/matsumoto/Work/src/wecats-pos/Pods
    /usr/sbin/chown -RH matsumoto:staff /Users/matsumoto/Library/Developer/Xcode/DerivedData/wecatspos-ezotaurozeulvggxpnxclstusodc/Build/Intermediates.noindex/ArchiveIntermediates/wecatspos/IntermediateBuildFilesPath/UninstalledProducts/iphoneos/RxSwift_Privacy.bundle

SetMode u+w,go-w,a+rX /Users/matsumoto/Library/Developer/Xcode/DerivedData/wecatspos-ezotaurozeulvggxpnxclstusodc/Build/Intermediates.noindex/ArchiveIntermediates/wecatspos/IntermediateBuildFilesPath/UninstalledProducts/iphoneos/RxSwift_Privacy.bundle (in target 'RxSwift-RxSwift_Privacy' from project 'Pods')
    cd /Users/matsumoto/Work/src/wecats-pos/Pods
    /bin/chmod -RH u+w,go-w,a+rX /Users/matsumoto/Library/Developer/Xcode/DerivedData/wecatspos-ezotaurozeulvggxpnxclstusodc/Build/Intermediates.noindex/ArchiveIntermediates/wecatspos/IntermediateBuildFilesPath/UninstalledProducts/iphoneos/RxSwift_Privacy.bundle

SetOwnerAndGroup matsumoto:staff /Users/matsumoto/Library/Developer/Xcode/DerivedData/wecatspos-ezotaurozeulvggxpnxclstusodc/Build/Intermediates.noindex/ArchiveIntermediates/wecatspos/IntermediateBuildFilesPath/UninstalledProducts/iphoneos/Alamofire.bundle (in target 'Alamofire-Alamofire' from project 'Pods')
    cd /Users/matsumoto/Work/src/wecats-pos/Pods
    /usr/sbin/chown -RH matsumoto:staff /Users/matsumoto/Library/Developer/Xcode/DerivedData/wecatspos-ezotaurozeulvggxpnxclstusodc/Build/Intermediates.noindex/ArchiveIntermediates/wecatspos/IntermediateBuildFilesPath/UninstalledProducts/iphoneos/Alamofire.bundle

RegisterExecutionPolicyException /Users/matsumoto/Library/Developer/Xcode/DerivedData/wecatspos-ezotaurozeulvggxpnxclstusodc/Build/Intermediates.noindex/ArchiveIntermediates/wecatspos/IntermediateBuildFilesPath/UninstalledProducts/iphoneos/RxSwift_Privacy.bundle (in target 'RxSwift-RxSwift_Privacy' from project 'Pods')
    cd /Users/matsumoto/Work/src/wecats-pos/Pods
    builtin-RegisterExecutionPolicyException /Users/matsumoto/Library/Developer/Xcode/DerivedData/wecatspos-ezotaurozeulvggxpnxclstusodc/Build/Intermediates.noindex/ArchiveIntermediates/wecatspos/IntermediateBuildFilesPath/UninstalledProducts/iphoneos/RxSwift_Privacy.bundle

SetMode u+w,go-w,a+rX /Users/matsumoto/Library/Developer/Xcode/DerivedData/wecatspos-ezotaurozeulvggxpnxclstusodc/Build/Intermediates.noindex/ArchiveIntermediates/wecatspos/IntermediateBuildFilesPath/UninstalledProducts/iphoneos/Alamofire.bundle (in target 'Alamofire-Alamofire' from project 'Pods')
    cd /Users/matsumoto/Work/src/wecats-pos/Pods
    /bin/chmod -RH u+w,go-w,a+rX /Users/matsumoto/Library/Developer/Xcode/DerivedData/wecatspos-ezotaurozeulvggxpnxclstusodc/Build/Intermediates.noindex/ArchiveIntermediates/wecatspos/IntermediateBuildFilesPath/UninstalledProducts/iphoneos/Alamofire.bundle

RegisterExecutionPolicyException /Users/matsumoto/Library/Developer/Xcode/DerivedData/wecatspos-ezotaurozeulvggxpnxclstusodc/Build/Intermediates.noindex/ArchiveIntermediates/wecatspos/IntermediateBuildFilesPath/UninstalledProducts/iphoneos/Alamofire.bundle (in target 'Alamofire-Alamofire' from project 'Pods')
    cd /Users/matsumoto/Work/src/wecats-pos/Pods
    builtin-RegisterExecutionPolicyException /Users/matsumoto/Library/Developer/Xcode/DerivedData/wecatspos-ezotaurozeulvggxpnxclstusodc/Build/Intermediates.noindex/ArchiveIntermediates/wecatspos/IntermediateBuildFilesPath/UninstalledProducts/iphoneos/Alamofire.bundle

Touch /Users/matsumoto/Library/Developer/Xcode/DerivedData/wecatspos-ezotaurozeulvggxpnxclstusodc/Build/Intermediates.noindex/ArchiveIntermediates/wecatspos/IntermediateBuildFilesPath/UninstalledProducts/iphoneos/RxSwift_Privacy.bundle (in target 'RxSwift-RxSwift_Privacy' from project 'Pods')
    cd /Users/matsumoto/Work/src/wecats-pos/Pods
    /usr/bin/touch -c /Users/matsumoto/Library/Developer/Xcode/DerivedData/wecatspos-ezotaurozeulvggxpnxclstusodc/Build/Intermediates.noindex/ArchiveIntermediates/wecatspos/IntermediateBuildFilesPath/UninstalledProducts/iphoneos/RxSwift_Privacy.bundle

ProcessInfoPlistFile /Users/matsumoto/Library/Developer/Xcode/DerivedData/wecatspos-ezotaurozeulvggxpnxclstusodc/Build/Intermediates.noindex/ArchiveIntermediates/wecatspos/IntermediateBuildFilesPath/UninstalledProducts/iphoneos/RxSwift.framework/Info.plist /Users/matsumoto/Work/src/wecats-pos/Pods/Target\ Support\ Files/RxSwift/RxSwift-Info.plist (in target 'RxSwift' from project 'Pods')
    cd /Users/matsumoto/Work/src/wecats-pos/Pods
    builtin-infoPlistUtility /Users/matsumoto/Work/src/wecats-pos/Pods/Target\ Support\ Files/RxSwift/RxSwift-Info.plist -producttype com.apple.product-type.framework -expandbuildsettings -format binary -platform iphoneos -requiredArchitecture arm64 -o /Users/matsumoto/Library/Developer/Xcode/DerivedData/wecatspos-ezotaurozeulvggxpnxclstusodc/Build/Intermediates.noindex/ArchiveIntermediates/wecatspos/IntermediateBuildFilesPath/UninstalledProducts/iphoneos/RxSwift.framework/Info.plist

CpResource /Users/matsumoto/Library/Developer/Xcode/DerivedData/wecatspos-ezotaurozeulvggxpnxclstusodc/Build/Intermediates.noindex/ArchiveIntermediates/wecatspos/IntermediateBuildFilesPath/UninstalledProducts/iphoneos/RxSwift.framework/RxSwift_Privacy.bundle /Users/matsumoto/Library/Developer/Xcode/DerivedData/wecatspos-ezotaurozeulvggxpnxclstusodc/Build/Intermediates.noindex/ArchiveIntermediates/wecatspos/BuildProductsPath/Release-iphoneos/RxSwift/RxSwift_Privacy.bundle (in target 'RxSwift' from project 'Pods')
    cd /Users/matsumoto/Work/src/wecats-pos/Pods
    builtin-copy -exclude .DS_Store -exclude CVS -exclude .svn -exclude .git -exclude .hg -resolve-src-symlinks /Users/matsumoto/Library/Developer/Xcode/DerivedData/wecatspos-ezotaurozeulvggxpnxclstusodc/Build/Intermediates.noindex/ArchiveIntermediates/wecatspos/BuildProductsPath/Release-iphoneos/RxSwift/RxSwift_Privacy.bundle /Users/matsumoto/Library/Developer/Xcode/DerivedData/wecatspos-ezotaurozeulvggxpnxclstusodc/Build/Intermediates.noindex/ArchiveIntermediates/wecatspos/IntermediateBuildFilesPath/UninstalledProducts/iphoneos/RxSwift.framework

Touch /Users/matsumoto/Library/Developer/Xcode/DerivedData/wecatspos-ezotaurozeulvggxpnxclstusodc/Build/Intermediates.noindex/ArchiveIntermediates/wecatspos/IntermediateBuildFilesPath/UninstalledProducts/iphoneos/Alamofire.bundle (in target 'Alamofire-Alamofire' from project 'Pods')
    cd /Users/matsumoto/Work/src/wecats-pos/Pods
    /usr/bin/touch -c /Users/matsumoto/Library/Developer/Xcode/DerivedData/wecatspos-ezotaurozeulvggxpnxclstusodc/Build/Intermediates.noindex/ArchiveIntermediates/wecatspos/IntermediateBuildFilesPath/UninstalledProducts/iphoneos/Alamofire.bundle

ProcessInfoPlistFile /Users/matsumoto/Library/Developer/Xcode/DerivedData/wecatspos-ezotaurozeulvggxpnxclstusodc/Build/Intermediates.noindex/ArchiveIntermediates/wecatspos/IntermediateBuildFilesPath/UninstalledProducts/iphoneos/Alamofire.framework/Info.plist /Users/matsumoto/Work/src/wecats-pos/Pods/Target\ Support\ Files/Alamofire/Alamofire-Info.plist (in target 'Alamofire' from project 'Pods')
    cd /Users/matsumoto/Work/src/wecats-pos/Pods
    builtin-infoPlistUtility /Users/matsumoto/Work/src/wecats-pos/Pods/Target\ Support\ Files/Alamofire/Alamofire-Info.plist -producttype com.apple.product-type.framework -expandbuildsettings -format binary -platform iphoneos -requiredArchitecture arm64 -o /Users/matsumoto/Library/Developer/Xcode/DerivedData/wecatspos-ezotaurozeulvggxpnxclstusodc/Build/Intermediates.noindex/ArchiveIntermediates/wecatspos/IntermediateBuildFilesPath/UninstalledProducts/iphoneos/Alamofire.framework/Info.plist

CpResource /Users/matsumoto/Library/Developer/Xcode/DerivedData/wecatspos-ezotaurozeulvggxpnxclstusodc/Build/Intermediates.noindex/ArchiveIntermediates/wecatspos/IntermediateBuildFilesPath/UninstalledProducts/iphoneos/Alamofire.framework/Alamofire.bundle /Users/matsumoto/Library/Developer/Xcode/DerivedData/wecatspos-ezotaurozeulvggxpnxclstusodc/Build/Intermediates.noindex/ArchiveIntermediates/wecatspos/BuildProductsPath/Release-iphoneos/Alamofire/Alamofire.bundle (in target 'Alamofire' from project 'Pods')
    cd /Users/matsumoto/Work/src/wecats-pos/Pods
    builtin-copy -exclude .DS_Store -exclude CVS -exclude .svn -exclude .git -exclude .hg -resolve-src-symlinks /Users/matsumoto/Library/Developer/Xcode/DerivedData/wecatspos-ezotaurozeulvggxpnxclstusodc/Build/Intermediates.noindex/ArchiveIntermediates/wecatspos/BuildProductsPath/Release-iphoneos/Alamofire/Alamofire.bundle /Users/matsumoto/Library/Developer/Xcode/DerivedData/wecatspos-ezotaurozeulvggxpnxclstusodc/Build/Intermediates.noindex/ArchiveIntermediates/wecatspos/IntermediateBuildFilesPath/UninstalledProducts/iphoneos/Alamofire.framework

SwiftDriver R.swift.Library normal arm64 com.apple.xcode.tools.swift.compiler (in target 'R.swift.Library' from project 'Pods')
    cd /Users/matsumoto/Work/src/wecats-pos/Pods
    builtin-SwiftDriver -- /Applications/Xcode26.2.app/Contents/Developer/Toolchains/XcodeDefault.xctoolchain/usr/bin/swiftc -module-name Rswift -O -whole-module-optimization -enforce-exclusivity\=checked @/Users/matsumoto/Library/Developer/Xcode/DerivedData/wecatspos-ezotaurozeulvggxpnxclstusodc/Build/Intermediates.noindex/ArchiveIntermediates/wecatspos/IntermediateBuildFilesPath/Pods.build/Release-iphoneos/R.swift.Library.build/Objects-normal/arm64/Rswift.SwiftFileList -D COCOAPODS -enable-bare-slash-regex -enable-experimental-feature DebugDescriptionMacro -sdk /Applications/Xcode26.2.app/Contents/Developer/Platforms/iPhoneOS.platform/Developer/SDKs/iPhoneOS26.2.sdk -target arm64-apple-ios13.0 -g -module-cache-path /Users/matsumoto/Library/Developer/Xcode/DerivedData/ModuleCache.noindex -Xfrontend -serialize-debugging-options -application-extension -swift-version 5 -I /Users/matsumoto/Library/Developer/Xcode/DerivedData/wecatspos-ezotaurozeulvggxpnxclstusodc/Build/Intermediates.noindex/ArchiveIntermediates/wecatspos/BuildProductsPath/Release-iphoneos/R.swift.Library -F /Users/matsumoto/Library/Developer/Xcode/DerivedData/wecatspos-ezotaurozeulvggxpnxclstusodc/Build/Intermediates.noindex/ArchiveIntermediates/wecatspos/BuildProductsPath/Release-iphoneos/R.swift.Library -c -num-threads 8 -Xcc -ivfsstatcache -Xcc /Users/matsumoto/Library/Developer/Xcode/DerivedData/SDKStatCaches.noindex/iphoneos26.2-23C53-7aec6304a07570878788b12a0eff3683.sdkstatcache -output-file-map /Users/matsumoto/Library/Developer/Xcode/DerivedData/wecatspos-ezotaurozeulvggxpnxclstusodc/Build/Intermediates.noindex/ArchiveIntermediates/wecatspos/IntermediateBuildFilesPath/Pods.build/Release-iphoneos/R.swift.Library.build/Objects-normal/arm64/R.swift.Library-OutputFileMap.json -use-frontend-parseable-output -save-temps -no-color-diagnostics -explicit-module-build -module-cache-path /Users/matsumoto/Library/Developer/Xcode/DerivedData/wecatspos-ezotaurozeulvggxpnxclstusodc/Build/Intermediates.noindex/ArchiveIntermediates/wecatspos/IntermediateBuildFilesPath/SwiftExplicitPrecompiledModules -clang-scanner-module-cache-path /Users/matsumoto/Library/Developer/Xcode/DerivedData/ModuleCache.noindex -sdk-module-cache-path /Users/matsumoto/Library/Developer/Xcode/DerivedData/ModuleCache.noindex -serialize-diagnostics -emit-dependencies -emit-module -emit-module-path /Users/matsumoto/Library/Developer/Xcode/DerivedData/wecatspos-ezotaurozeulvggxpnxclstusodc/Build/Intermediates.noindex/ArchiveIntermediates/wecatspos/IntermediateBuildFilesPath/Pods.build/Release-iphoneos/R.swift.Library.build/Objects-normal/arm64/Rswift.swiftmodule -validate-clang-modules-once -clang-build-session-file /Users/matsumoto/Library/Developer/Xcode/DerivedData/ModuleCache.noindex/Session.modulevalidation -Xcc -I/Users/matsumoto/Library/Developer/Xcode/DerivedData/wecatspos-ezotaurozeulvggxpnxclstusodc/Build/Intermediates.noindex/ArchiveIntermediates/wecatspos/IntermediateBuildFilesPath/Pods.build/Release-iphoneos/R.swift.Library.build/swift-overrides.hmap -emit-const-values -Xfrontend -const-gather-protocols-file -Xfrontend /Users/matsumoto/Library/Developer/Xcode/DerivedData/wecatspos-ezotaurozeulvggxpnxclstusodc/Build/Intermediates.noindex/ArchiveIntermediates/wecatspos/IntermediateBuildFilesPath/Pods.build/Release-iphoneos/R.swift.Library.build/Objects-normal/arm64/R.swift.Library_const_extract_protocols.json -Xcc -iquote -Xcc /Users/matsumoto/Library/Developer/Xcode/DerivedData/wecatspos-ezotaurozeulvggxpnxclstusodc/Build/Intermediates.noindex/ArchiveIntermediates/wecatspos/IntermediateBuildFilesPath/Pods.build/Release-iphoneos/R.swift.Library.build/Rswift-generated-files.hmap -Xcc -I/Users/matsumoto/Library/Developer/Xcode/DerivedData/wecatspos-ezotaurozeulvggxpnxclstusodc/Build/Intermediates.noindex/ArchiveIntermediates/wecatspos/IntermediateBuildFilesPath/Pods.build/Release-iphoneos/R.swift.Library.build/Rswift-own-target-headers.hmap -Xcc -I/Users/matsumoto/Library/Developer/Xcode/DerivedData/wecatspos-ezotaurozeulvggxpnxclstusodc/Build/Intermediates.noindex/ArchiveIntermediates/wecatspos/IntermediateBuildFilesPath/Pods.build/Release-iphoneos/R.swift.Library.build/Rswift-all-non-framework-target-headers.hmap -Xcc -ivfsoverlay -Xcc /Users/matsumoto/Library/Developer/Xcode/DerivedData/wecatspos-ezotaurozeulvggxpnxclstusodc/Build/Intermediates.noindex/ArchiveIntermediates/wecatspos/IntermediateBuildFilesPath/Pods.build/Release-iphoneos/Pods-8699adb1dd336b26511df848a716bd42-VFS-iphoneos/all-product-headers.yaml -Xcc -iquote -Xcc /Users/matsumoto/Library/Developer/Xcode/DerivedData/wecatspos-ezotaurozeulvggxpnxclstusodc/Build/Intermediates.noindex/ArchiveIntermediates/wecatspos/IntermediateBuildFilesPath/Pods.build/Release-iphoneos/R.swift.Library.build/Rswift-project-headers.hmap -Xcc -I/Users/matsumoto/Library/Developer/Xcode/DerivedData/wecatspos-ezotaurozeulvggxpnxclstusodc/Build/Intermediates.noindex/ArchiveIntermediates/wecatspos/BuildProductsPath/Release-iphoneos/R.swift.Library/include -Xcc -I/Users/matsumoto/Library/Developer/Xcode/DerivedData/wecatspos-ezotaurozeulvggxpnxclstusodc/Build/Intermediates.noindex/ArchiveIntermediates/wecatspos/IntermediateBuildFilesPath/Pods.build/Release-iphoneos/R.swift.Library.build/DerivedSources-normal/arm64 -Xcc -I/Users/matsumoto/Library/Developer/Xcode/DerivedData/wecatspos-ezotaurozeulvggxpnxclstusodc/Build/Intermediates.noindex/ArchiveIntermediates/wecatspos/IntermediateBuildFilesPath/Pods.build/Release-iphoneos/R.swift.Library.build/DerivedSources/arm64 -Xcc -I/Users/matsumoto/Library/Developer/Xcode/DerivedData/wecatspos-ezotaurozeulvggxpnxclstusodc/Build/Intermediates.noindex/ArchiveIntermediates/wecatspos/IntermediateBuildFilesPath/Pods.build/Release-iphoneos/R.swift.Library.build/DerivedSources -Xcc -DPOD_CONFIGURATION_RELEASE\=1 -Xcc -DCOCOAPODS\=1 -emit-objc-header -emit-objc-header-path /Users/matsumoto/Library/Developer/Xcode/DerivedData/wecatspos-ezotaurozeulvggxpnxclstusodc/Build/Intermediates.noindex/ArchiveIntermediates/wecatspos/IntermediateBuildFilesPath/Pods.build/Release-iphoneos/R.swift.Library.build/Objects-normal/arm64/Rswift-Swift.h -import-underlying-module -Xcc -ivfsoverlay -Xcc /Users/matsumoto/Library/Developer/Xcode/DerivedData/wecatspos-ezotaurozeulvggxpnxclstusodc/Build/Intermediates.noindex/ArchiveIntermediates/wecatspos/IntermediateBuildFilesPath/Pods.build/Release-iphoneos/R.swift.Library.build/unextended-module-overlay.yaml -working-directory /Users/matsumoto/Work/src/wecats-pos/Pods -no-emit-module-separately-wmo

SwiftDriver Alamofire normal arm64 com.apple.xcode.tools.swift.compiler (in target 'Alamofire' from project 'Pods')
    cd /Users/matsumoto/Work/src/wecats-pos/Pods
    builtin-SwiftDriver -- /Applications/Xcode26.2.app/Contents/Developer/Toolchains/XcodeDefault.xctoolchain/usr/bin/swiftc -module-name Alamofire -O -whole-module-optimization -enforce-exclusivity\=checked @/Users/matsumoto/Library/Developer/Xcode/DerivedData/wecatspos-ezotaurozeulvggxpnxclstusodc/Build/Intermediates.noindex/ArchiveIntermediates/wecatspos/IntermediateBuildFilesPath/Pods.build/Release-iphoneos/Alamofire.build/Objects-normal/arm64/Alamofire.SwiftFileList -D COCOAPODS -enable-bare-slash-regex -enable-experimental-feature DebugDescriptionMacro -sdk /Applications/Xcode26.2.app/Contents/Developer/Platforms/iPhoneOS.platform/Developer/SDKs/iPhoneOS26.2.sdk -target arm64-apple-ios13.0 -g -module-cache-path /Users/matsumoto/Library/Developer/Xcode/DerivedData/ModuleCache.noindex -Xfrontend -serialize-debugging-options -swift-version 5 -I /Users/matsumoto/Library/Developer/Xcode/DerivedData/wecatspos-ezotaurozeulvggxpnxclstusodc/Build/Intermediates.noindex/ArchiveIntermediates/wecatspos/BuildProductsPath/Release-iphoneos/Alamofire -F /Users/matsumoto/Library/Developer/Xcode/DerivedData/wecatspos-ezotaurozeulvggxpnxclstusodc/Build/Intermediates.noindex/ArchiveIntermediates/wecatspos/BuildProductsPath/Release-iphoneos/Alamofire -c -num-threads 8 -Xcc -ivfsstatcache -Xcc /Users/matsumoto/Library/Developer/Xcode/DerivedData/SDKStatCaches.noindex/iphoneos26.2-23C53-7aec6304a07570878788b12a0eff3683.sdkstatcache -output-file-map /Users/matsumoto/Library/Developer/Xcode/DerivedData/wecatspos-ezotaurozeulvggxpnxclstusodc/Build/Intermediates.noindex/ArchiveIntermediates/wecatspos/IntermediateBuildFilesPath/Pods.build/Release-iphoneos/Alamofire.build/Objects-normal/arm64/Alamofire-OutputFileMap.json -use-frontend-parseable-output -save-temps -no-color-diagnostics -explicit-module-build -module-cache-path /Users/matsumoto/Library/Developer/Xcode/DerivedData/wecatspos-ezotaurozeulvggxpnxclstusodc/Build/Intermediates.noindex/ArchiveIntermediates/wecatspos/IntermediateBuildFilesPath/SwiftExplicitPrecompiledModules -clang-scanner-module-cache-path /Users/matsumoto/Library/Developer/Xcode/DerivedData/ModuleCache.noindex -sdk-module-cache-path /Users/matsumoto/Library/Developer/Xcode/DerivedData/ModuleCache.noindex -serialize-diagnostics -emit-dependencies -emit-module -emit-module-path /Users/matsumoto/Library/Developer/Xcode/DerivedData/wecatspos-ezotaurozeulvggxpnxclstusodc/Build/Intermediates.noindex/ArchiveIntermediates/wecatspos/IntermediateBuildFilesPath/Pods.build/Release-iphoneos/Alamofire.build/Objects-normal/arm64/Alamofire.swiftmodule -validate-clang-modules-once -clang-build-session-file /Users/matsumoto/Library/Developer/Xcode/DerivedData/ModuleCache.noindex/Session.modulevalidation -Xcc -I/Users/matsumoto/Library/Developer/Xcode/DerivedData/wecatspos-ezotaurozeulvggxpnxclstusodc/Build/Intermediates.noindex/ArchiveIntermediates/wecatspos/IntermediateBuildFilesPath/Pods.build/Release-iphoneos/Alamofire.build/swift-overrides.hmap -emit-const-values -Xfrontend -const-gather-protocols-file -Xfrontend /Users/matsumoto/Library/Developer/Xcode/DerivedData/wecatspos-ezotaurozeulvggxpnxclstusodc/Build/Intermediates.noindex/ArchiveIntermediates/wecatspos/IntermediateBuildFilesPath/Pods.build/Release-iphoneos/Alamofire.build/Objects-normal/arm64/Alamofire_const_extract_protocols.json -Xcc -iquote -Xcc /Users/matsumoto/Library/Developer/Xcode/DerivedData/wecatspos-ezotaurozeulvggxpnxclstusodc/Build/Intermediates.noindex/ArchiveIntermediates/wecatspos/IntermediateBuildFilesPath/Pods.build/Release-iphoneos/Alamofire.build/Alamofire-generated-files.hmap -Xcc -I/Users/matsumoto/Library/Developer/Xcode/DerivedData/wecatspos-ezotaurozeulvggxpnxclstusodc/Build/Intermediates.noindex/ArchiveIntermediates/wecatspos/IntermediateBuildFilesPath/Pods.build/Release-iphoneos/Alamofire.build/Alamofire-own-target-headers.hmap -Xcc -I/Users/matsumoto/Library/Developer/Xcode/DerivedData/wecatspos-ezotaurozeulvggxpnxclstusodc/Build/Intermediates.noindex/ArchiveIntermediates/wecatspos/IntermediateBuildFilesPath/Pods.build/Release-iphoneos/Alamofire.build/Alamofire-all-non-framework-target-headers.hmap -Xcc -ivfsoverlay -Xcc /Users/matsumoto/Library/Developer/Xcode/DerivedData/wecatspos-ezotaurozeulvggxpnxclstusodc/Build/Intermediates.noindex/ArchiveIntermediates/wecatspos/IntermediateBuildFilesPath/Pods.build/Release-iphoneos/Pods-8699adb1dd336b26511df848a716bd42-VFS-iphoneos/all-product-headers.yaml -Xcc -iquote -Xcc /Users/matsumoto/Library/Developer/Xcode/DerivedData/wecatspos-ezotaurozeulvggxpnxclstusodc/Build/Intermediates.noindex/ArchiveIntermediates/wecatspos/IntermediateBuildFilesPath/Pods.build/Release-iphoneos/Alamofire.build/Alamofire-project-headers.hmap -Xcc -I/Users/matsumoto/Library/Developer/Xcode/DerivedData/wecatspos-ezotaurozeulvggxpnxclstusodc/Build/Intermediates.noindex/ArchiveIntermediates/wecatspos/BuildProductsPath/Release-iphoneos/Alamofire/include -Xcc -I/Users/matsumoto/Library/Developer/Xcode/DerivedData/wecatspos-ezotaurozeulvggxpnxclstusodc/Build/Intermediates.noindex/ArchiveIntermediates/wecatspos/IntermediateBuildFilesPath/Pods.build/Release-iphoneos/Alamofire.build/DerivedSources-normal/arm64 -Xcc -I/Users/matsumoto/Library/Developer/Xcode/DerivedData/wecatspos-ezotaurozeulvggxpnxclstusodc/Build/Intermediates.noindex/ArchiveIntermediates/wecatspos/IntermediateBuildFilesPath/Pods.build/Release-iphoneos/Alamofire.build/DerivedSources/arm64 -Xcc -I/Users/matsumoto/Library/Developer/Xcode/DerivedData/wecatspos-ezotaurozeulvggxpnxclstusodc/Build/Intermediates.noindex/ArchiveIntermediates/wecatspos/IntermediateBuildFilesPath/Pods.build/Release-iphoneos/Alamofire.build/DerivedSources -Xcc -DPOD_CONFIGURATION_RELEASE\=1 -Xcc -DCOCOAPODS\=1 -emit-objc-header -emit-objc-header-path /Users/matsumoto/Library/Developer/Xcode/DerivedData/wecatspos-ezotaurozeulvggxpnxclstusodc/Build/Intermediates.noindex/ArchiveIntermediates/wecatspos/IntermediateBuildFilesPath/Pods.build/Release-iphoneos/Alamofire.build/Objects-normal/arm64/Alamofire-Swift.h -import-underlying-module -Xcc -ivfsoverlay -Xcc /Users/matsumoto/Library/Developer/Xcode/DerivedData/wecatspos-ezotaurozeulvggxpnxclstusodc/Build/Intermediates.noindex/ArchiveIntermediates/wecatspos/IntermediateBuildFilesPath/Pods.build/Release-iphoneos/Alamofire.build/unextended-module-overlay.yaml -working-directory /Users/matsumoto/Work/src/wecats-pos/Pods -no-emit-module-separately-wmo

SwiftDriver HolidayJp normal arm64 com.apple.xcode.tools.swift.compiler (in target 'HolidayJp' from project 'Pods')
    cd /Users/matsumoto/Work/src/wecats-pos/Pods
    builtin-SwiftDriver -- /Applications/Xcode26.2.app/Contents/Developer/Toolchains/XcodeDefault.xctoolchain/usr/bin/swiftc -module-name HolidayJp -O -whole-module-optimization -enforce-exclusivity\=checked @/Users/matsumoto/Library/Developer/Xcode/DerivedData/wecatspos-ezotaurozeulvggxpnxclstusodc/Build/Intermediates.noindex/ArchiveIntermediates/wecatspos/IntermediateBuildFilesPath/Pods.build/Release-iphoneos/HolidayJp.build/Objects-normal/arm64/HolidayJp.SwiftFileList -D COCOAPODS -enable-bare-slash-regex -enable-experimental-feature DebugDescriptionMacro -sdk /Applications/Xcode26.2.app/Contents/Developer/Platforms/iPhoneOS.platform/Developer/SDKs/iPhoneOS26.2.sdk -target arm64-apple-ios13.0 -g -module-cache-path /Users/matsumoto/Library/Developer/Xcode/DerivedData/ModuleCache.noindex -Xfrontend -serialize-debugging-options -swift-version 4 -I /Users/matsumoto/Library/Developer/Xcode/DerivedData/wecatspos-ezotaurozeulvggxpnxclstusodc/Build/Intermediates.noindex/ArchiveIntermediates/wecatspos/BuildProductsPath/Release-iphoneos/HolidayJp -F /Users/matsumoto/Library/Developer/Xcode/DerivedData/wecatspos-ezotaurozeulvggxpnxclstusodc/Build/Intermediates.noindex/ArchiveIntermediates/wecatspos/BuildProductsPath/Release-iphoneos/HolidayJp -c -num-threads 8 -Xcc -ivfsstatcache -Xcc /Users/matsumoto/Library/Developer/Xcode/DerivedData/SDKStatCaches.noindex/iphoneos26.2-23C53-7aec6304a07570878788b12a0eff3683.sdkstatcache -output-file-map /Users/matsumoto/Library/Developer/Xcode/DerivedData/wecatspos-ezotaurozeulvggxpnxclstusodc/Build/Intermediates.noindex/ArchiveIntermediates/wecatspos/IntermediateBuildFilesPath/Pods.build/Release-iphoneos/HolidayJp.build/Objects-normal/arm64/HolidayJp-OutputFileMap.json -use-frontend-parseable-output -save-temps -no-color-diagnostics -serialize-diagnostics -emit-dependencies -emit-module -emit-module-path /Users/matsumoto/Library/Developer/Xcode/DerivedData/wecatspos-ezotaurozeulvggxpnxclstusodc/Build/Intermediates.noindex/ArchiveIntermediates/wecatspos/IntermediateBuildFilesPath/Pods.build/Release-iphoneos/HolidayJp.build/Objects-normal/arm64/HolidayJp.swiftmodule -validate-clang-modules-once -clang-build-session-file /Users/matsumoto/Library/Developer/Xcode/DerivedData/ModuleCache.noindex/Session.modulevalidation -Xcc -I/Users/matsumoto/Library/Developer/Xcode/DerivedData/wecatspos-ezotaurozeulvggxpnxclstusodc/Build/Intermediates.noindex/ArchiveIntermediates/wecatspos/IntermediateBuildFilesPath/Pods.build/Release-iphoneos/HolidayJp.build/swift-overrides.hmap -emit-const-values -Xfrontend -const-gather-protocols-file -Xfrontend /Users/matsumoto/Library/Developer/Xcode/DerivedData/wecatspos-ezotaurozeulvggxpnxclstusodc/Build/Intermediates.noindex/ArchiveIntermediates/wecatspos/IntermediateBuildFilesPath/Pods.build/Release-iphoneos/HolidayJp.build/Objects-normal/arm64/HolidayJp_const_extract_protocols.json -Xcc -iquote -Xcc /Users/matsumoto/Library/Developer/Xcode/DerivedData/wecatspos-ezotaurozeulvggxpnxclstusodc/Build/Intermediates.noindex/ArchiveIntermediates/wecatspos/IntermediateBuildFilesPath/Pods.build/Release-iphoneos/HolidayJp.build/HolidayJp-generated-files.hmap -Xcc -I/Users/matsumoto/Library/Developer/Xcode/DerivedData/wecatspos-ezotaurozeulvggxpnxclstusodc/Build/Intermediates.noindex/ArchiveIntermediates/wecatspos/IntermediateBuildFilesPath/Pods.build/Release-iphoneos/HolidayJp.build/HolidayJp-own-target-headers.hmap -Xcc -I/Users/matsumoto/Library/Developer/Xcode/DerivedData/wecatspos-ezotaurozeulvggxpnxclstusodc/Build/Intermediates.noindex/ArchiveIntermediates/wecatspos/IntermediateBuildFilesPath/Pods.build/Release-iphoneos/HolidayJp.build/HolidayJp-all-non-framework-target-headers.hmap -Xcc -ivfsoverlay -Xcc /Users/matsumoto/Library/Developer/Xcode/DerivedData/wecatspos-ezotaurozeulvggxpnxclstusodc/Build/Intermediates.noindex/ArchiveIntermediates/wecatspos/IntermediateBuildFilesPath/Pods.build/Release-iphoneos/Pods-8699adb1dd336b26511df848a716bd42-VFS-iphoneos/all-product-headers.yaml -Xcc -iquote -Xcc /Users/matsumoto/Library/Developer/Xcode/DerivedData/wecatspos-ezotaurozeulvggxpnxclstusodc/Build/Intermediates.noindex/ArchiveIntermediates/wecatspos/IntermediateBuildFilesPath/Pods.build/Release-iphoneos/HolidayJp.build/HolidayJp-project-headers.hmap -Xcc -I/Users/matsumoto/Library/Developer/Xcode/DerivedData/wecatspos-ezotaurozeulvggxpnxclstusodc/Build/Intermediates.noindex/ArchiveIntermediates/wecatspos/BuildProductsPath/Release-iphoneos/HolidayJp/include -Xcc -I/Users/matsumoto/Library/Developer/Xcode/DerivedData/wecatspos-ezotaurozeulvggxpnxclstusodc/Build/Intermediates.noindex/ArchiveIntermediates/wecatspos/IntermediateBuildFilesPath/Pods.build/Release-iphoneos/HolidayJp.build/DerivedSources-normal/arm64 -Xcc -I/Users/matsumoto/Library/Developer/Xcode/DerivedData/wecatspos-ezotaurozeulvggxpnxclstusodc/Build/Intermediates.noindex/ArchiveIntermediates/wecatspos/IntermediateBuildFilesPath/Pods.build/Release-iphoneos/HolidayJp.build/DerivedSources/arm64 -Xcc -I/Users/matsumoto/Library/Developer/Xcode/DerivedData/wecatspos-ezotaurozeulvggxpnxclstusodc/Build/Intermediates.noindex/ArchiveIntermediates/wecatspos/IntermediateBuildFilesPath/Pods.build/Release-iphoneos/HolidayJp.build/DerivedSources -Xcc -DPOD_CONFIGURATION_RELEASE\=1 -Xcc -DCOCOAPODS\=1 -emit-objc-header -emit-objc-header-path /Users/matsumoto/Library/Developer/Xcode/DerivedData/wecatspos-ezotaurozeulvggxpnxclstusodc/Build/Intermediates.noindex/ArchiveIntermediates/wecatspos/IntermediateBuildFilesPath/Pods.build/Release-iphoneos/HolidayJp.build/Objects-normal/arm64/HolidayJp-Swift.h -import-underlying-module -Xcc -ivfsoverlay -Xcc /Users/matsumoto/Library/Developer/Xcode/DerivedData/wecatspos-ezotaurozeulvggxpnxclstusodc/Build/Intermediates.noindex/ArchiveIntermediates/wecatspos/IntermediateBuildFilesPath/Pods.build/Release-iphoneos/HolidayJp.build/unextended-module-overlay.yaml -working-directory /Users/matsumoto/Work/src/wecats-pos/Pods -no-emit-module-separately-wmo

SwiftDriver RxSwift normal arm64 com.apple.xcode.tools.swift.compiler (in target 'RxSwift' from project 'Pods')
    cd /Users/matsumoto/Work/src/wecats-pos/Pods
    builtin-SwiftDriver -- /Applications/Xcode26.2.app/Contents/Developer/Toolchains/XcodeDefault.xctoolchain/usr/bin/swiftc -module-name RxSwift -O -whole-module-optimization -enforce-exclusivity\=checked @/Users/matsumoto/Library/Developer/Xcode/DerivedData/wecatspos-ezotaurozeulvggxpnxclstusodc/Build/Intermediates.noindex/ArchiveIntermediates/wecatspos/IntermediateBuildFilesPath/Pods.build/Release-iphoneos/RxSwift.build/Objects-normal/arm64/RxSwift.SwiftFileList -D COCOAPODS -enable-bare-slash-regex -enable-experimental-feature DebugDescriptionMacro -sdk /Applications/Xcode26.2.app/Contents/Developer/Platforms/iPhoneOS.platform/Developer/SDKs/iPhoneOS26.2.sdk -target arm64-apple-ios13.0 -g -module-cache-path /Users/matsumoto/Library/Developer/Xcode/DerivedData/ModuleCache.noindex -Xfrontend -serialize-debugging-options -application-extension -swift-version 5 -I /Users/matsumoto/Library/Developer/Xcode/DerivedData/wecatspos-ezotaurozeulvggxpnxclstusodc/Build/Intermediates.noindex/ArchiveIntermediates/wecatspos/BuildProductsPath/Release-iphoneos/RxSwift -F /Users/matsumoto/Library/Developer/Xcode/DerivedData/wecatspos-ezotaurozeulvggxpnxclstusodc/Build/Intermediates.noindex/ArchiveIntermediates/wecatspos/BuildProductsPath/Release-iphoneos/RxSwift -c -num-threads 8 -Xcc -ivfsstatcache -Xcc /Users/matsumoto/Library/Developer/Xcode/DerivedData/SDKStatCaches.noindex/iphoneos26.2-23C53-7aec6304a07570878788b12a0eff3683.sdkstatcache -output-file-map /Users/matsumoto/Library/Developer/Xcode/DerivedData/wecatspos-ezotaurozeulvggxpnxclstusodc/Build/Intermediates.noindex/ArchiveIntermediates/wecatspos/IntermediateBuildFilesPath/Pods.build/Release-iphoneos/RxSwift.build/Objects-normal/arm64/RxSwift-OutputFileMap.json -use-frontend-parseable-output -save-temps -no-color-diagnostics -explicit-module-build -module-cache-path /Users/matsumoto/Library/Developer/Xcode/DerivedData/wecatspos-ezotaurozeulvggxpnxclstusodc/Build/Intermediates.noindex/ArchiveIntermediates/wecatspos/IntermediateBuildFilesPath/SwiftExplicitPrecompiledModules -clang-scanner-module-cache-path /Users/matsumoto/Library/Developer/Xcode/DerivedData/ModuleCache.noindex -sdk-module-cache-path /Users/matsumoto/Library/Developer/Xcode/DerivedData/ModuleCache.noindex -serialize-diagnostics -emit-dependencies -emit-module -emit-module-path /Users/matsumoto/Library/Developer/Xcode/DerivedData/wecatspos-ezotaurozeulvggxpnxclstusodc/Build/Intermediates.noindex/ArchiveIntermediates/wecatspos/IntermediateBuildFilesPath/Pods.build/Release-iphoneos/RxSwift.build/Objects-normal/arm64/RxSwift.swiftmodule -validate-clang-modules-once -clang-build-session-file /Users/matsumoto/Library/Developer/Xcode/DerivedData/ModuleCache.noindex/Session.modulevalidation -Xcc -I/Users/matsumoto/Library/Developer/Xcode/DerivedData/wecatspos-ezotaurozeulvggxpnxclstusodc/Build/Intermediates.noindex/ArchiveIntermediates/wecatspos/IntermediateBuildFilesPath/Pods.build/Release-iphoneos/RxSwift.build/swift-overrides.hmap -emit-const-values -Xfrontend -const-gather-protocols-file -Xfrontend /Users/matsumoto/Library/Developer/Xcode/DerivedData/wecatspos-ezotaurozeulvggxpnxclstusodc/Build/Intermediates.noindex/ArchiveIntermediates/wecatspos/IntermediateBuildFilesPath/Pods.build/Release-iphoneos/RxSwift.build/Objects-normal/arm64/RxSwift_const_extract_protocols.json -Xcc -iquote -Xcc /Users/matsumoto/Library/Developer/Xcode/DerivedData/wecatspos-ezotaurozeulvggxpnxclstusodc/Build/Intermediates.noindex/ArchiveIntermediates/wecatspos/IntermediateBuildFilesPath/Pods.build/Release-iphoneos/RxSwift.build/RxSwift-generated-files.hmap -Xcc -I/Users/matsumoto/Library/Developer/Xcode/DerivedData/wecatspos-ezotaurozeulvggxpnxclstusodc/Build/Intermediates.noindex/ArchiveIntermediates/wecatspos/IntermediateBuildFilesPath/Pods.build/Release-iphoneos/RxSwift.build/RxSwift-own-target-headers.hmap -Xcc -I/Users/matsumoto/Library/Developer/Xcode/DerivedData/wecatspos-ezotaurozeulvggxpnxclstusodc/Build/Intermediates.noindex/ArchiveIntermediates/wecatspos/IntermediateBuildFilesPath/Pods.build/Release-iphoneos/RxSwift.build/RxSwift-all-non-framework-target-headers.hmap -Xcc -ivfsoverlay -Xcc /Users/matsumoto/Library/Developer/Xcode/DerivedData/wecatspos-ezotaurozeulvggxpnxclstusodc/Build/Intermediates.noindex/ArchiveIntermediates/wecatspos/IntermediateBuildFilesPath/Pods.build/Release-iphoneos/Pods-8699adb1dd336b26511df848a716bd42-VFS-iphoneos/all-product-headers.yaml -Xcc -iquote -Xcc /Users/matsumoto/Library/Developer/Xcode/DerivedData/wecatspos-ezotaurozeulvggxpnxclstusodc/Build/Intermediates.noindex/ArchiveIntermediates/wecatspos/IntermediateBuildFilesPath/Pods.build/Release-iphoneos/RxSwift.build/RxSwift-project-headers.hmap -Xcc -I/Users/matsumoto/Library/Developer/Xcode/DerivedData/wecatspos-ezotaurozeulvggxpnxclstusodc/Build/Intermediates.noindex/ArchiveIntermediates/wecatspos/BuildProductsPath/Release-iphoneos/RxSwift/include -Xcc -I/Users/matsumoto/Library/Developer/Xcode/DerivedData/wecatspos-ezotaurozeulvggxpnxclstusodc/Build/Intermediates.noindex/ArchiveIntermediates/wecatspos/IntermediateBuildFilesPath/Pods.build/Release-iphoneos/RxSwift.build/DerivedSources-normal/arm64 -Xcc -I/Users/matsumoto/Library/Developer/Xcode/DerivedData/wecatspos-ezotaurozeulvggxpnxclstusodc/Build/Intermediates.noindex/ArchiveIntermediates/wecatspos/IntermediateBuildFilesPath/Pods.build/Release-iphoneos/RxSwift.build/DerivedSources/arm64 -Xcc -I/Users/matsumoto/Library/Developer/Xcode/DerivedData/wecatspos-ezotaurozeulvggxpnxclstusodc/Build/Intermediates.noindex/ArchiveIntermediates/wecatspos/IntermediateBuildFilesPath/Pods.build/Release-iphoneos/RxSwift.build/DerivedSources -Xcc -DPOD_CONFIGURATION_RELEASE\=1 -Xcc -DCOCOAPODS\=1 -emit-objc-header -emit-objc-header-path /Users/matsumoto/Library/Developer/Xcode/DerivedData/wecatspos-ezotaurozeulvggxpnxclstusodc/Build/Intermediates.noindex/ArchiveIntermediates/wecatspos/IntermediateBuildFilesPath/Pods.build/Release-iphoneos/RxSwift.build/Objects-normal/arm64/RxSwift-Swift.h -import-underlying-module -Xcc -ivfsoverlay -Xcc /Users/matsumoto/Library/Developer/Xcode/DerivedData/wecatspos-ezotaurozeulvggxpnxclstusodc/Build/Intermediates.noindex/ArchiveIntermediates/wecatspos/IntermediateBuildFilesPath/Pods.build/Release-iphoneos/RxSwift.build/unextended-module-overlay.yaml -working-directory /Users/matsumoto/Work/src/wecats-pos/Pods -no-emit-module-separately-wmo

SwiftCompile normal arm64 Compiling\ Holiday.swift,\ HolidayJp.swift,\ Holidays.generated.swift /Users/matsumoto/Work/src/wecats-pos/Pods/HolidayJp/Sources/HolidayJp/Holiday.swift /Users/matsumoto/Work/src/wecats-pos/Pods/HolidayJp/Sources/HolidayJp/HolidayJp.swift /Users/matsumoto/Work/src/wecats-pos/Pods/HolidayJp/Sources/HolidayJp/Holidays.generated.swift (in target 'HolidayJp' from project 'Pods')
CompileSwift normal arm64 (in target 'HolidayJp' from project 'Pods')
    cd /Users/matsumoto/Work/src/wecats-pos/Pods
    
** BUILD INTERRUPTED **
